TradeId,TradePairId,Market,Type,Rate,Amount,Total,Fee,TimeStamp
68559602,6130,UBT/BTC,Sell,3.63e-06,3588.93992836,0.01302785,2.606e-05,2018-09-07T08:22:11.327899
68556699,6130,UBT/BTC,Buy,3.53e-06,5000.0,0.01765,3.53e-05,2018-09-07T07:26:42.1738876
68556699,6130,UBT/BTC,Buy,3.53e-06,5000.0,0.01765,3.53e-05,2018-09-07T07:26:42.1738876
68556679,6130,UBT/BTC,Buy,3.53e-06,2500.0,0.008825,1.765e-05,2018-09-07T07:26:28.7272978
68556679,6130,UBT/BTC,Buy,3.53e-06,2500.0,0.008825,1.765e-05,2018-09-07T07:26:28.7272978
68556579,6130,UBT/BTC,Buy,3.65e-06,5000.0,0.01825,3.65e-05,2018-09-07T07:25:11.1793891
68556579,6130,UBT/BTC,Buy,3.65e-06,5000.0,0.01825,3.65e-05,2018-09-07T07:25:11.1793891
68556550,6130,UBT/BTC,Buy,3.68e-06,2500.0,0.0092,1.84e-05,2018-09-07T07:24:51.3048952
68556550,6130,UBT/BTC,Buy,3.68e-06,2500.0,0.0092,1.84e-05,2018-09-07T07:24:51.3048952
68556396,6130,UBT/BTC,Buy,3.65e-06,2500.0,0.009125,1.825e-05,2018-09-07T07:23:41.9711144
68556396,6130,UBT/BTC,Buy,3.65e-06,2500.0,0.009125,1.825e-05,2018-09-07T07:23:41.9711144
68556395,6130,UBT/BTC,Buy,3.65e-06,5000.0,0.01825,3.65e-05,2018-09-07T07:23:41.7054693
68556395,6130,UBT/BTC,Buy,3.65e-06,5000.0,0.01825,3.65e-05,2018-09-07T07:23:41.7054693
68555731,6130,UBT/BTC,Buy,3.56e-06,2500.0,0.0089,1.78e-05,2018-09-07T07:15:17.8277487
68555731,6130,UBT/BTC,Buy,3.56e-06,2500.0,0.0089,1.78e-05,2018-09-07T07:15:17.8277487
68555534,6130,UBT/BTC,Buy,3.52e-06,5000.0,0.0176,3.52e-05,2018-09-07T07:09:54.5037962
68555534,6130,UBT/BTC,Buy,3.52e-06,5000.0,0.0176,3.52e-05,2018-09-07T07:09:54.5037962
68555528,6130,UBT/BTC,Buy,3.52e-06,2500.0,0.0088,1.76e-05,2018-09-07T07:09:43.5585264
68555528,6130,UBT/BTC,Buy,3.52e-06,2500.0,0.0088,1.76e-05,2018-09-07T07:09:43.5585264
68555510,6130,UBT/BTC,Buy,3.55e-06,5000.0,0.01775,3.55e-05,2018-09-07T07:08:28.0007096
68555510,6130,UBT/BTC,Buy,3.55e-06,5000.0,0.01775,3.55e-05,2018-09-07T07:08:28.0007096
68555500,6130,UBT/BTC,Buy,3.56e-06,2500.0,0.0089,1.78e-05,2018-09-07T07:08:09.1301341
68555500,6130,UBT/BTC,Buy,3.56e-06,2500.0,0.0089,1.78e-05,2018-09-07T07:08:09.1301341
68554207,6130,UBT/BTC,Buy,3.53e-06,5000.0,0.01765,3.53e-05,2018-09-07T06:40:33.109695
68554207,6130,UBT/BTC,Buy,3.53e-06,5000.0,0.01765,3.53e-05,2018-09-07T06:40:33.109695
68554195,6130,UBT/BTC,Buy,3.53e-06,2500.0,0.008825,1.765e-05,2018-09-07T06:40:27.108023
68554195,6130,UBT/BTC,Buy,3.53e-06,2500.0,0.008825,1.765e-05,2018-09-07T06:40:27.108023
68553844,6130,UBT/BTC,Buy,3.57e-06,2500.0,0.008925,1.785e-05,2018-09-07T06:32:58.1076648
68553844,6130,UBT/BTC,Buy,3.57e-06,2500.0,0.008925,1.785e-05,2018-09-07T06:32:58.1076648
68553814,6130,UBT/BTC,Buy,3.51e-06,5000.0,0.01755,3.51e-05,2018-09-07T06:31:51.4420283
68553814,6130,UBT/BTC,Buy,3.51e-06,5000.0,0.01755,3.51e-05,2018-09-07T06:31:51.4420283
68553810,6130,UBT/BTC,Buy,3.5e-06,2500.0,0.00875,1.75e-05,2018-09-07T06:31:42.0145716
68553810,6130,UBT/BTC,Buy,3.5e-06,2500.0,0.00875,1.75e-05,2018-09-07T06:31:42.0145716
68553767,6130,UBT/BTC,Buy,3.56e-06,2500.0,0.0089,1.78e-05,2018-09-07T06:30:20.8643326
68553767,6130,UBT/BTC,Buy,3.56e-06,2500.0,0.0089,1.78e-05,2018-09-07T06:30:20.8643326
68553766,6130,UBT/BTC,Buy,3.57e-06,2500.0,0.008925,1.785e-05,2018-09-07T06:30:20.8643326
68553766,6130,UBT/BTC,Buy,3.57e-06,2500.0,0.008925,1.785e-05,2018-09-07T06:30:20.8643326
68553761,6130,UBT/BTC,Buy,3.57e-06,2500.0,0.008925,1.785e-05,2018-09-07T06:30:14.3087456
68553761,6130,UBT/BTC,Buy,3.57e-06,2500.0,0.008925,1.785e-05,2018-09-07T06:30:14.3087456
68553634,6130,UBT/BTC,Buy,3.47e-06,2500.0,0.008675,1.735e-05,2018-09-07T06:28:08.0838927
68553634,6130,UBT/BTC,Buy,3.47e-06,2500.0,0.008675,1.735e-05,2018-09-07T06:28:08.0838927
68553444,6130,UBT/BTC,Buy,3.54e-06,5000.0,0.0177,3.54e-05,2018-09-07T06:24:36.3342927
68553444,6130,UBT/BTC,Buy,3.54e-06,5000.0,0.0177,3.54e-05,2018-09-07T06:24:36.3342927
68553433,6130,UBT/BTC,Buy,3.54e-06,329.74319784,0.00116729,2.33e-06,2018-09-07T06:24:27.4423001
68553433,6130,UBT/BTC,Buy,3.54e-06,329.74319784,0.00116729,2.33e-06,2018-09-07T06:24:27.4423001
68553432,6130,UBT/BTC,Buy,3.52e-06,2170.25680216,0.0076393,1.528e-05,2018-09-07T06:24:27.4423001
68553354,6130,UBT/BTC,Buy,3.4e-06,200.0,0.00068,1.36e-06,2018-09-07T06:23:08.2203196
68553345,6130,UBT/BTC,Buy,3.35e-06,600.0,0.00201,4.02e-06,2018-09-07T06:23:01.9467672
68551224,6130,UBT/BTC,Buy,3.34e-06,1172.49805104,0.00391614,7.83e-06,2018-09-07T05:24:22.6042921
68551223,6130,UBT/BTC,Buy,3.34e-06,5000.0,0.0167,3.34e-05,2018-09-07T05:24:22.6042921
68551222,6130,UBT/BTC,Buy,3.34e-06,2500.0,0.00835,1.67e-05,2018-09-07T05:24:22.6042921
68535562,6130,UBT/BTC,Buy,3.25e-06,2500.0,0.008125,1.625e-05,2018-09-06T21:25:25.6092494
68532318,6130,UBT/BTC,Buy,3.23e-06,500.0,0.001615,3.23e-06,2018-09-06T20:07:28.1836013
68532317,6130,UBT/BTC,Buy,3.23e-06,2500.0,0.008075,1.615e-05,2018-09-06T20:07:28.1836013
68530585,6130,UBT/BTC,Buy,3.2e-06,6474.55018071,0.02071856,4.144e-05,2018-09-06T19:33:03.2689271
68530584,6130,UBT/BTC,Buy,3.2e-06,5000.0,0.016,3.2e-05,2018-09-06T19:33:03.2689271
68530583,6130,UBT/BTC,Buy,3.2e-06,2500.0,0.008,1.6e-05,2018-09-06T19:33:03.2689271
68528579,6130,UBT/BTC,Sell,3.28e-06,750.0,0.00246,4.92e-06,2018-09-06T18:54:16.764261
68527959,6130,UBT/BTC,Buy,3.19e-06,3594.85625023,0.01146759,2.294e-05,2018-09-06T18:39:58.7797298
68527958,6130,UBT/BTC,Buy,3.19e-06,5000.0,0.01595,3.19e-05,2018-09-06T18:39:58.7797298
68527957,6130,UBT/BTC,Buy,3.19e-06,2500.0,0.007975,1.595e-05,2018-09-06T18:39:58.7797298
68527866,6130,UBT/BTC,Buy,3.18e-06,7500.0,0.02385,4.77e-05,2018-09-06T18:38:37.5061478
68527865,6130,UBT/BTC,Buy,3.19e-06,5000.0,0.01595,3.19e-05,2018-09-06T18:38:37.5061478
68527864,6130,UBT/BTC,Buy,3.19e-06,2500.0,0.007975,1.595e-05,2018-09-06T18:38:37.5061478
68524285,6130,UBT/BTC,Sell,3.32e-06,3482.55296636,0.01156208,2.312e-05,2018-09-06T17:06:39.3510044
68524284,6130,UBT/BTC,Sell,3.32e-06,5000.0,0.0166,3.32e-05,2018-09-06T17:06:39.3510044
68524283,6130,UBT/BTC,Sell,3.32e-06,2500.0,0.0083,1.66e-05,2018-09-06T17:06:39.3510044
68523308,6130,UBT/BTC,Sell,3.32e-06,905.16557247,0.00300515,6.01e-06,2018-09-06T16:47:02.91458
68487015,6130,UBT/BTC,Buy,3.29e-06,2356.26888638,0.00775212,1.55e-05,2018-09-06T02:15:08.9047575
68487014,6130,UBT/BTC,Buy,3.29e-06,2500.0,0.008225,1.645e-05,2018-09-06T02:15:08.9047575
68479136,6130,UBT/BTC,Sell,3.23e-06,600.0,0.001938,3.88e-06,2018-09-06T00:16:45.1217203
68478329,6130,UBT/BTC,Sell,3.23e-06,2749.30016129,0.00888024,1.776e-05,2018-09-05T23:56:40.9836284
68478318,6130,UBT/BTC,Sell,3.23e-06,5000.0,0.01615,3.23e-05,2018-09-05T23:56:31.2566438
68478262,6130,UBT/BTC,Sell,3.23e-06,2500.0,0.008075,1.615e-05,2018-09-05T23:55:27.2843034
68478261,6130,UBT/BTC,Sell,3.23e-06,7500.0,0.024225,4.845e-05,2018-09-05T23:55:27.2843034
68478259,6130,UBT/BTC,Sell,3.23e-06,5000.0,0.01615,3.23e-05,2018-09-05T23:55:23.1151174
68478256,6130,UBT/BTC,Sell,3.24e-06,2500.0,0.0081,1.62e-05,2018-09-05T23:55:19.0680878
68478255,6130,UBT/BTC,Sell,3.24e-06,7500.0,0.0243,4.86e-05,2018-09-05T23:55:19.0680878
68478254,6130,UBT/BTC,Sell,3.24e-06,5000.0,0.0162,3.24e-05,2018-09-05T23:55:19.0680878
68477997,6130,UBT/BTC,Sell,3.23e-06,2500.0,0.008075,1.615e-05,2018-09-05T23:52:03.3900291
68477945,6130,UBT/BTC,Sell,3.24e-06,7500.0,0.0243,4.86e-05,2018-09-05T23:50:56.2298195
68477944,6130,UBT/BTC,Sell,3.24e-06,5000.0,0.0162,3.24e-05,2018-09-05T23:50:56.2298195
68477931,6130,UBT/BTC,Sell,3.23e-06,2500.0,0.008075,1.615e-05,2018-09-05T23:50:40.2712835
68477919,6130,UBT/BTC,Sell,3.23e-06,2500.0,0.008075,1.615e-05,2018-09-05T23:50:29.3552974
68477908,6130,UBT/BTC,Sell,3.23e-06,2500.0,0.008075,1.615e-05,2018-09-05T23:50:21.5487194
68474508,6130,UBT/BTC,Sell,3.33e-06,1549.18391445,0.00515878,1.032e-05,2018-09-05T22:24:37.8726169
68473170,6130,UBT/BTC,Sell,3.39e-06,4815.3073285,0.01632389,3.265e-05,2018-09-05T21:56:41.8570573
68473169,6130,UBT/BTC,Sell,3.37e-06,7500.0,0.025275,5.055e-05,2018-09-05T21:56:41.8570573
68473167,6130,UBT/BTC,Sell,3.36e-06,2500.0,0.0084,1.68e-05,2018-09-05T21:56:41.8570573
68470446,6130,UBT/BTC,Sell,3.35e-06,1275.92873954,0.00427436,8.55e-06,2018-09-05T20:55:54.4845969
68468209,6130,UBT/BTC,Buy,3.23e-06,5000.0,0.01615,3.23e-05,2018-09-05T19:54:19.2793593
68468209,6130,UBT/BTC,Buy,3.23e-06,5000.0,0.01615,3.23e-05,2018-09-05T19:54:19.2793593
68468202,6130,UBT/BTC,Buy,3.23e-06,2500.0,0.008075,1.615e-05,2018-09-05T19:54:10.0672443
68468202,6130,UBT/BTC,Buy,3.23e-06,2500.0,0.008075,1.615e-05,2018-09-05T19:54:10.0672443
68467620,6130,UBT/BTC,Sell,3.23e-06,2356.26888638,0.00761075,1.522e-05,2018-09-05T19:43:04.5612894
68467619,6130,UBT/BTC,Sell,3.23e-06,2500.0,0.008075,1.615e-05,2018-09-05T19:43:04.5612894
68462262,6130,UBT/BTC,Sell,3.23e-06,950.84685589,0.00307124,6.14e-06,2018-09-05T18:02:39.7696684
68462261,6130,UBT/BTC,Sell,3.23e-06,2138.94878503,0.0069088,1.382e-05,2018-09-05T18:02:39.7696684
68462172,6130,UBT/BTC,Sell,3.23e-06,361.05121497,0.0011662,2.33e-06,2018-09-05T18:00:40.4609638
68461822,6130,UBT/BTC,Sell,3.23e-06,1299.00928793,0.0041958,8.39e-06,2018-09-05T17:52:44.6054881
68461802,6130,UBT/BTC,Sell,3.23e-06,7500.0,0.024225,4.845e-05,2018-09-05T17:52:25.0697805
68461801,6130,UBT/BTC,Sell,3.23e-06,5000.0,0.01615,3.23e-05,2018-09-05T17:52:25.0697805
68461800,6130,UBT/BTC,Sell,3.23e-06,2500.0,0.008075,1.615e-05,2018-09-05T17:52:25.0697805
68450333,6130,UBT/BTC,Buy,3.22e-06,2113.66459627,0.006806,1.361e-05,2018-09-05T14:58:41.6273502
68445308,6130,UBT/BTC,Sell,3.29e-06,589.55690976,0.00193964,3.88e-06,2018-09-05T13:36:11.7723678
68430718,6130,UBT/BTC,Buy,3.29e-06,749.49484596,0.00246584,4.93e-06,2018-09-05T10:09:17.267034
68430718,6130,UBT/BTC,Buy,3.29e-06,749.49484596,0.00246584,4.93e-06,2018-09-05T10:09:17.267034
68426411,6130,UBT/BTC,Sell,3.44e-06,5000.0,0.0172,3.44e-05,2018-09-05T09:10:08.2601681
68426410,6130,UBT/BTC,Sell,3.44e-06,2500.0,0.0086,1.72e-05,2018-09-05T09:10:08.2601681
68423215,6130,UBT/BTC,Sell,3.5e-06,4030.78414599,0.01410774,2.822e-05,2018-09-05T07:58:34.430319
68423214,6130,UBT/BTC,Sell,3.5e-06,5000.0,0.0175,3.5e-05,2018-09-05T07:58:34.430319
68423213,6130,UBT/BTC,Sell,3.49e-06,2500.0,0.008725,1.745e-05,2018-09-05T07:58:34.430319
68423142,6130,UBT/BTC,Buy,3.4e-06,5000.0,0.017,3.4e-05,2018-09-05T07:56:37.9497551
68423142,6130,UBT/BTC,Buy,3.4e-06,5000.0,0.017,3.4e-05,2018-09-05T07:56:37.9497551
68423138,6130,UBT/BTC,Buy,3.39e-06,2500.0,0.008475,1.695e-05,2018-09-05T07:56:24.5156665
68423138,6130,UBT/BTC,Buy,3.39e-06,2500.0,0.008475,1.695e-05,2018-09-05T07:56:24.5156665
68414685,6130,UBT/BTC,Buy,3.37e-06,7500.0,0.025275,5.055e-05,2018-09-05T04:00:20.1813131
68414685,6130,UBT/BTC,Buy,3.37e-06,7500.0,0.025275,5.055e-05,2018-09-05T04:00:20.1813131
68414684,6130,UBT/BTC,Buy,3.37e-06,5000.0,0.01685,3.37e-05,2018-09-05T04:00:18.7832967
68414684,6130,UBT/BTC,Buy,3.37e-06,5000.0,0.01685,3.37e-05,2018-09-05T04:00:18.7832967
68414682,6130,UBT/BTC,Buy,3.37e-06,2500.0,0.008425,1.685e-05,2018-09-05T04:00:17.386577
68414682,6130,UBT/BTC,Buy,3.37e-06,2500.0,0.008425,1.685e-05,2018-09-05T04:00:17.386577
68414238,6130,UBT/BTC,Buy,3.38e-06,1664.59224576,0.00562632,1.125e-05,2018-09-05T03:49:35.3398868
68413367,6130,UBT/BTC,Sell,3.4e-06,944.23176038,0.00321039,6.42e-06,2018-09-05T03:27:46.2045168
68410773,6130,UBT/BTC,Buy,3.41e-06,2500.0,0.008525,1.705e-05,2018-09-05T02:00:22.1780053
68410773,6130,UBT/BTC,Buy,3.41e-06,2500.0,0.008525,1.705e-05,2018-09-05T02:00:22.1780053
68404756,6130,UBT/BTC,Buy,3.36e-06,7500.0,0.0252,5.04e-05,2018-09-04T23:00:25.0533461
68404756,6130,UBT/BTC,Buy,3.36e-06,7500.0,0.0252,5.04e-05,2018-09-04T23:00:25.0533461
68404755,6130,UBT/BTC,Buy,3.36e-06,5000.0,0.0168,3.36e-05,2018-09-04T23:00:23.5664546
68404755,6130,UBT/BTC,Buy,3.36e-06,5000.0,0.0168,3.36e-05,2018-09-04T23:00:23.5664546
68404746,6130,UBT/BTC,Buy,3.36e-06,2500.0,0.0084,1.68e-05,2018-09-04T23:00:21.7049124
68404746,6130,UBT/BTC,Buy,3.36e-06,2500.0,0.0084,1.68e-05,2018-09-04T23:00:21.7049124
68403995,6130,UBT/BTC,Sell,3.41e-06,888.12989856,0.00302852,6.06e-06,2018-09-04T22:42:04.2145808
68402002,6130,UBT/BTC,Sell,3.39e-06,2114.01680415,0.00716652,1.433e-05,2018-09-04T21:55:52.8994938
68401978,6130,UBT/BTC,Sell,3.41e-06,7500.0,0.025575,5.115e-05,2018-09-04T21:55:20.5069798
68401977,6130,UBT/BTC,Sell,3.4e-06,5000.0,0.017,3.4e-05,2018-09-04T21:55:20.5069798
68401976,6130,UBT/BTC,Sell,3.4e-06,2500.0,0.0085,1.7e-05,2018-09-04T21:55:20.5069798
68401721,6130,UBT/BTC,Buy,3.31e-06,3316.77704609,0.01097853,2.196e-05,2018-09-04T21:47:03.291474
68401718,6130,UBT/BTC,Buy,3.32e-06,2500.0,0.0083,1.66e-05,2018-09-04T21:46:56.4208129
68401690,6130,UBT/BTC,Buy,3.31e-06,7500.0,0.024825,4.965e-05,2018-09-04T21:46:19.3398784
68401679,6130,UBT/BTC,Buy,3.31e-06,5000.0,0.01655,3.31e-05,2018-09-04T21:46:12.6231171
68401669,6130,UBT/BTC,Buy,3.32e-06,2500.0,0.0083,1.66e-05,2018-09-04T21:46:09.2342222
68401645,6130,UBT/BTC,Buy,3.27e-06,7500.0,0.024525,4.905e-05,2018-09-04T21:45:45.6866001
68401644,6130,UBT/BTC,Buy,3.27e-06,5000.0,0.01635,3.27e-05,2018-09-04T21:45:45.6866001
68401643,6130,UBT/BTC,Buy,3.28e-06,2500.0,0.0082,1.64e-05,2018-09-04T21:45:45.6866001
68401050,6130,UBT/BTC,Buy,3.48e-06,7500.0,0.0261,5.22e-05,2018-09-04T21:30:24.7153105
68401050,6130,UBT/BTC,Buy,3.48e-06,7500.0,0.0261,5.22e-05,2018-09-04T21:30:24.7153105
68401049,6130,UBT/BTC,Buy,3.48e-06,5000.0,0.0174,3.48e-05,2018-09-04T21:30:23.1638219
68401049,6130,UBT/BTC,Buy,3.48e-06,5000.0,0.0174,3.48e-05,2018-09-04T21:30:23.1638219
68401048,6130,UBT/BTC,Buy,3.47e-06,2500.0,0.008675,1.735e-05,2018-09-04T21:30:21.6903046
68401048,6130,UBT/BTC,Buy,3.47e-06,2500.0,0.008675,1.735e-05,2018-09-04T21:30:21.6903046
68399809,6130,UBT/BTC,Buy,3.41e-06,7500.0,0.025575,5.115e-05,2018-09-04T21:00:26.3015109
68399809,6130,UBT/BTC,Buy,3.41e-06,7500.0,0.025575,5.115e-05,2018-09-04T21:00:26.3015109
68399808,6130,UBT/BTC,Buy,3.4e-06,5000.0,0.017,3.4e-05,2018-09-04T21:00:24.5910596
68399808,6130,UBT/BTC,Buy,3.4e-06,5000.0,0.017,3.4e-05,2018-09-04T21:00:24.5910596
68399801,6130,UBT/BTC,Buy,3.4e-06,2500.0,0.0085,1.7e-05,2018-09-04T21:00:22.8585479
68399801,6130,UBT/BTC,Buy,3.4e-06,2500.0,0.0085,1.7e-05,2018-09-04T21:00:22.8585479
68398527,6130,UBT/BTC,Buy,3.49e-06,5000.0,0.01745,3.49e-05,2018-09-04T20:31:09.7894624
68398527,6130,UBT/BTC,Buy,3.49e-06,5000.0,0.01745,3.49e-05,2018-09-04T20:31:09.7894624
68398521,6130,UBT/BTC,Buy,3.5e-06,2500.0,0.00875,1.75e-05,2018-09-04T20:31:00.8071879
68398521,6130,UBT/BTC,Buy,3.5e-06,2500.0,0.00875,1.75e-05,2018-09-04T20:31:00.8071879
68398390,6130,UBT/BTC,Sell,3.37e-06,401.84023644,0.0013542,2.71e-06,2018-09-04T20:26:15.9736324
68396255,6130,UBT/BTC,Sell,3.37e-06,1200.0,0.004044,8.09e-06,2018-09-04T19:36:15.8702124
68395974,6130,UBT/BTC,Buy,3.54e-06,5000.0,0.0177,3.54e-05,2018-09-04T19:30:53.0730184
68395974,6130,UBT/BTC,Buy,3.54e-06,5000.0,0.0177,3.54e-05,2018-09-04T19:30:53.0730184
68395963,6130,UBT/BTC,Buy,3.55e-06,2500.0,0.008875,1.775e-05,2018-09-04T19:30:46.1435485
68395963,6130,UBT/BTC,Buy,3.55e-06,2500.0,0.008875,1.775e-05,2018-09-04T19:30:46.1435485
68394376,6130,UBT/BTC,Buy,3.47e-06,2500.0,0.008675,1.735e-05,2018-09-04T19:00:21.045091
68394376,6130,UBT/BTC,Buy,3.47e-06,2500.0,0.008675,1.735e-05,2018-09-04T19:00:21.045091
68393020,6130,UBT/BTC,Buy,3.54e-06,7500.0,0.02655,5.31e-05,2018-09-04T18:30:25.3166762
68393020,6130,UBT/BTC,Buy,3.54e-06,7500.0,0.02655,5.31e-05,2018-09-04T18:30:25.3166762
68393013,6130,UBT/BTC,Buy,3.53e-06,5000.0,0.01765,3.53e-05,2018-09-04T18:30:22.4855179
68393013,6130,UBT/BTC,Buy,3.53e-06,5000.0,0.01765,3.53e-05,2018-09-04T18:30:22.4855179
68393012,6130,UBT/BTC,Buy,3.53e-06,2500.0,0.008825,1.765e-05,2018-09-04T18:30:20.8730202
68393012,6130,UBT/BTC,Buy,3.53e-06,2500.0,0.008825,1.765e-05,2018-09-04T18:30:20.8730202
68391614,6130,UBT/BTC,Buy,3.55e-06,5000.0,0.01775,3.55e-05,2018-09-04T18:01:01.2118968
68391614,6130,UBT/BTC,Buy,3.55e-06,5000.0,0.01775,3.55e-05,2018-09-04T18:01:01.2118968
68391607,6130,UBT/BTC,Buy,3.55e-06,2331.46067416,0.00827669,1.655e-05,2018-09-04T18:00:53.4053192
68391607,6130,UBT/BTC,Buy,3.55e-06,2331.46067416,0.00827669,1.655e-05,2018-09-04T18:00:53.4053192
68391606,6130,UBT/BTC,Sell,3.56e-06,168.53932584,0.0006,1.2e-06,2018-09-04T18:00:53.4053192
68391239,6130,UBT/BTC,Sell,3.37e-06,620.09215989,0.00208971,4.18e-06,2018-09-04T17:51:23.0591444
68390014,6130,UBT/BTC,Buy,3.39e-06,7500.0,0.025425,5.085e-05,2018-09-04T17:30:24.2242952
68390014,6130,UBT/BTC,Buy,3.39e-06,7500.0,0.025425,5.085e-05,2018-09-04T17:30:24.2242952
68390013,6130,UBT/BTC,Buy,3.39e-06,5000.0,0.01695,3.39e-05,2018-09-04T17:30:22.7359914
68390013,6130,UBT/BTC,Buy,3.39e-06,5000.0,0.01695,3.39e-05,2018-09-04T17:30:22.7359914
68390011,6130,UBT/BTC,Buy,3.38e-06,2500.0,0.00845,1.69e-05,2018-09-04T17:30:21.1714187
68390011,6130,UBT/BTC,Buy,3.38e-06,2500.0,0.00845,1.69e-05,2018-09-04T17:30:21.1714187
68389745,6130,UBT/BTC,Sell,3.37e-06,1729.46688226,0.0058283,1.166e-05,2018-09-04T17:24:57.6903071
68387630,6130,UBT/BTC,Sell,3.38e-06,7319.29927128,0.02473923,4.948e-05,2018-09-04T16:43:34.0066078
68387629,6130,UBT/BTC,Sell,3.38e-06,5000.0,0.0169,3.38e-05,2018-09-04T16:43:34.0066078
68387628,6130,UBT/BTC,Sell,3.38e-06,2500.0,0.00845,1.69e-05,2018-09-04T16:43:34.0066078
68387563,6130,UBT/BTC,Sell,3.43e-06,5000.0,0.01715,3.43e-05,2018-09-04T16:42:18.0796529
68387562,6130,UBT/BTC,Sell,3.43e-06,2500.0,0.008575,1.715e-05,2018-09-04T16:42:18.0796529
68387113,6130,UBT/BTC,Buy,3.49e-06,7500.0,0.026175,5.235e-05,2018-09-04T16:30:28.3518617
68387113,6130,UBT/BTC,Buy,3.49e-06,7500.0,0.026175,5.235e-05,2018-09-04T16:30:28.3518617
68387112,6130,UBT/BTC,Buy,3.49e-06,5000.0,0.01745,3.49e-05,2018-09-04T16:30:26.870417
68387112,6130,UBT/BTC,Buy,3.49e-06,5000.0,0.01745,3.49e-05,2018-09-04T16:30:26.870417
68387110,6130,UBT/BTC,Buy,3.48e-06,2500.0,0.0087,1.74e-05,2018-09-04T16:30:25.3528148
68387110,6130,UBT/BTC,Buy,3.48e-06,2500.0,0.0087,1.74e-05,2018-09-04T16:30:25.3528148
68386509,6130,UBT/BTC,Sell,3.41e-06,5000.0,0.01705,3.41e-05,2018-09-04T16:14:19.0324165
68386508,6130,UBT/BTC,Sell,3.41e-06,2500.0,0.008525,1.705e-05,2018-09-04T16:14:19.0324165
68385129,6130,UBT/BTC,Sell,3.42e-06,1315.60469901,0.00449937,9e-06,2018-09-04T15:45:13.7002029
68383571,6130,UBT/BTC,Sell,3.37e-06,533.05851206,0.00179641,3.59e-06,2018-09-04T15:14:27.3775161
68382881,6130,UBT/BTC,Buy,3.37e-06,7500.0,0.025275,5.055e-05,2018-09-04T15:00:28.3725447
68382881,6130,UBT/BTC,Buy,3.37e-06,7500.0,0.025275,5.055e-05,2018-09-04T15:00:28.3725447
68382879,6130,UBT/BTC,Buy,3.37e-06,5000.0,0.01685,3.37e-05,2018-09-04T15:00:26.7682863
68382879,6130,UBT/BTC,Buy,3.37e-06,5000.0,0.01685,3.37e-05,2018-09-04T15:00:26.7682863
68382878,6130,UBT/BTC,Buy,3.37e-06,2500.0,0.008425,1.685e-05,2018-09-04T15:00:25.0751179
68382878,6130,UBT/BTC,Buy,3.37e-06,2500.0,0.008425,1.685e-05,2018-09-04T15:00:25.0751179
68381376,6130,UBT/BTC,Buy,3.5e-06,2500.0,0.00875,1.75e-05,2018-09-04T14:31:06.0837876
68381376,6130,UBT/BTC,Buy,3.5e-06,2500.0,0.00875,1.75e-05,2018-09-04T14:31:06.0837876
68381369,6130,UBT/BTC,Buy,3.5e-06,2500.0,0.00875,1.75e-05,2018-09-04T14:30:58.335163
68381369,6130,UBT/BTC,Buy,3.5e-06,2500.0,0.00875,1.75e-05,2018-09-04T14:30:58.335163
68381338,6130,UBT/BTC,Buy,3.49e-06,2500.0,0.008725,1.745e-05,2018-09-04T14:30:37.1405261
68381338,6130,UBT/BTC,Buy,3.49e-06,2500.0,0.008725,1.745e-05,2018-09-04T14:30:37.1405261
68381334,6130,UBT/BTC,Buy,3.51e-06,5000.0,0.01755,3.51e-05,2018-09-04T14:30:35.6799783
68381334,6130,UBT/BTC,Buy,3.51e-06,5000.0,0.01755,3.51e-05,2018-09-04T14:30:35.6799783
68379655,6130,UBT/BTC,Buy,3.37e-06,7500.0,0.025275,5.055e-05,2018-09-04T14:00:28.4639703
68379655,6130,UBT/BTC,Buy,3.37e-06,7500.0,0.025275,5.055e-05,2018-09-04T14:00:28.4639703
68379646,6130,UBT/BTC,Buy,3.37e-06,5000.0,0.01685,3.37e-05,2018-09-04T14:00:26.8059015
68379646,6130,UBT/BTC,Buy,3.37e-06,5000.0,0.01685,3.37e-05,2018-09-04T14:00:26.8059015
68379636,6130,UBT/BTC,Buy,3.37e-06,2500.0,0.008425,1.685e-05,2018-09-04T14:00:25.1895969
68379636,6130,UBT/BTC,Buy,3.37e-06,2500.0,0.008425,1.685e-05,2018-09-04T14:00:25.1895969
68378610,6130,UBT/BTC,Sell,3.37e-06,586.29328879,0.00197581,3.95e-06,2018-09-04T13:39:49.6306737
68376731,6130,UBT/BTC,Buy,3.37e-06,7500.0,0.025275,5.055e-05,2018-09-04T13:00:27.6400478
68376731,6130,UBT/BTC,Buy,3.37e-06,7500.0,0.025275,5.055e-05,2018-09-04T13:00:27.6400478
68376728,6130,UBT/BTC,Buy,3.37e-06,5000.0,0.01685,3.37e-05,2018-09-04T13:00:26.2436111
68376728,6130,UBT/BTC,Buy,3.37e-06,5000.0,0.01685,3.37e-05,2018-09-04T13:00:26.2436111
68376727,6130,UBT/BTC,Buy,3.37e-06,2500.0,0.008425,1.685e-05,2018-09-04T13:00:24.7775097
68376727,6130,UBT/BTC,Buy,3.37e-06,2500.0,0.008425,1.685e-05,2018-09-04T13:00:24.7775097
68375304,6130,UBT/BTC,Sell,3.37e-06,3000.0,0.01011,2.022e-05,2018-09-04T12:33:39.7697286
68375181,6130,UBT/BTC,Buy,3.38e-06,7500.0,0.02535,5.07e-05,2018-09-04T12:30:59.0717183
68375181,6130,UBT/BTC,Buy,3.38e-06,7500.0,0.02535,5.07e-05,2018-09-04T12:30:59.0717183
68375177,6130,UBT/BTC,Buy,3.39e-06,2500.0,0.008475,1.695e-05,2018-09-04T12:30:53.0547875
68375177,6130,UBT/BTC,Buy,3.39e-06,2500.0,0.008475,1.695e-05,2018-09-04T12:30:53.0547875
68373778,6130,UBT/BTC,Buy,3.41e-06,7500.0,0.025575,5.115e-05,2018-09-04T12:00:28.4146548
68373778,6130,UBT/BTC,Buy,3.41e-06,7500.0,0.025575,5.115e-05,2018-09-04T12:00:28.4146548
68373773,6130,UBT/BTC,Buy,3.41e-06,5000.0,0.01705,3.41e-05,2018-09-04T12:00:26.7931983
68373773,6130,UBT/BTC,Buy,3.41e-06,5000.0,0.01705,3.41e-05,2018-09-04T12:00:26.7931983
68373769,6130,UBT/BTC,Buy,3.41e-06,2500.0,0.008525,1.705e-05,2018-09-04T12:00:24.8937026
68373769,6130,UBT/BTC,Buy,3.41e-06,2500.0,0.008525,1.705e-05,2018-09-04T12:00:24.8937026
68372577,6130,UBT/BTC,Buy,3.41e-06,7500.0,0.025575,5.115e-05,2018-09-04T11:30:27.8961234
68372577,6130,UBT/BTC,Buy,3.41e-06,7500.0,0.025575,5.115e-05,2018-09-04T11:30:27.8961234
68372575,6130,UBT/BTC,Buy,3.41e-06,5000.0,0.01705,3.41e-05,2018-09-04T11:30:26.5029916
68372575,6130,UBT/BTC,Buy,3.41e-06,5000.0,0.01705,3.41e-05,2018-09-04T11:30:26.5029916
68372572,6130,UBT/BTC,Buy,3.41e-06,2500.0,0.008525,1.705e-05,2018-09-04T11:30:24.9935614
68372572,6130,UBT/BTC,Buy,3.41e-06,2500.0,0.008525,1.705e-05,2018-09-04T11:30:24.9935614
68371104,6130,UBT/BTC,Buy,3.41e-06,7500.0,0.025575,5.115e-05,2018-09-04T11:00:27.9133977
68371104,6130,UBT/BTC,Buy,3.41e-06,7500.0,0.025575,5.115e-05,2018-09-04T11:00:27.9133977
68371101,6130,UBT/BTC,Buy,3.41e-06,5000.0,0.01705,3.41e-05,2018-09-04T11:00:26.3003589
68371101,6130,UBT/BTC,Buy,3.41e-06,5000.0,0.01705,3.41e-05,2018-09-04T11:00:26.3003589
68371100,6130,UBT/BTC,Buy,3.41e-06,2500.0,0.008525,1.705e-05,2018-09-04T11:00:24.7932382
68371100,6130,UBT/BTC,Buy,3.41e-06,2500.0,0.008525,1.705e-05,2018-09-04T11:00:24.7932382
68369891,6130,UBT/BTC,Buy,3.41e-06,7500.0,0.025575,5.115e-05,2018-09-04T10:30:27.5552362
68369891,6130,UBT/BTC,Buy,3.41e-06,7500.0,0.025575,5.115e-05,2018-09-04T10:30:27.5552362
68369889,6130,UBT/BTC,Buy,3.41e-06,5000.0,0.01705,3.41e-05,2018-09-04T10:30:26.0580334
68369889,6130,UBT/BTC,Buy,3.41e-06,5000.0,0.01705,3.41e-05,2018-09-04T10:30:26.0580334
68369887,6130,UBT/BTC,Buy,3.41e-06,2500.0,0.008525,1.705e-05,2018-09-04T10:30:24.5879055
68369887,6130,UBT/BTC,Buy,3.41e-06,2500.0,0.008525,1.705e-05,2018-09-04T10:30:24.5879055
68369148,6130,UBT/BTC,Sell,3.41e-06,1853.53342822,0.00632055,1.264e-05,2018-09-04T10:15:29.2310348
68366914,6130,UBT/BTC,Sell,3.41e-06,1188.82469665,0.00405389,8.11e-06,2018-09-04T09:20:00.9487763
68364432,6130,UBT/BTC,Sell,3.41e-06,1670.10261002,0.00569505,1.139e-05,2018-09-04T08:32:09.359953
68364357,6130,UBT/BTC,Buy,3.41e-06,7500.0,0.025575,5.115e-05,2018-09-04T08:30:27.4921395
68364357,6130,UBT/BTC,Buy,3.41e-06,7500.0,0.025575,5.115e-05,2018-09-04T08:30:27.4921395
68364356,6130,UBT/BTC,Buy,3.41e-06,5000.0,0.01705,3.41e-05,2018-09-04T08:30:25.9269129
68364356,6130,UBT/BTC,Buy,3.41e-06,5000.0,0.01705,3.41e-05,2018-09-04T08:30:25.9269129
68364354,6130,UBT/BTC,Buy,3.41e-06,2500.0,0.008525,1.705e-05,2018-09-04T08:30:24.4994897
68364354,6130,UBT/BTC,Buy,3.41e-06,2500.0,0.008525,1.705e-05,2018-09-04T08:30:24.4994897
68363292,6130,UBT/BTC,Buy,3.41e-06,7500.0,0.025575,5.115e-05,2018-09-04T08:00:27.0196956
68363292,6130,UBT/BTC,Buy,3.41e-06,7500.0,0.025575,5.115e-05,2018-09-04T08:00:27.0196956
68363291,6130,UBT/BTC,Buy,3.41e-06,5000.0,0.01705,3.41e-05,2018-09-04T08:00:25.6031077
68363291,6130,UBT/BTC,Buy,3.41e-06,5000.0,0.01705,3.41e-05,2018-09-04T08:00:25.6031077
68363289,6130,UBT/BTC,Buy,3.41e-06,2500.0,0.008525,1.705e-05,2018-09-04T08:00:24.1887918
68363289,6130,UBT/BTC,Buy,3.41e-06,2500.0,0.008525,1.705e-05,2018-09-04T08:00:24.1887918
68362110,6130,UBT/BTC,Sell,3.46e-06,7500.0,0.02595,5.19e-05,2018-09-04T07:31:32.2703306
68362109,6130,UBT/BTC,Sell,3.45e-06,5000.0,0.01725,3.45e-05,2018-09-04T07:31:32.2703306
68362108,6130,UBT/BTC,Sell,3.45e-06,2500.0,0.008625,1.725e-05,2018-09-04T07:31:32.2703306
68356083,6130,UBT/BTC,Buy,3.41e-06,5000.0,0.01705,3.41e-05,2018-09-04T04:31:10.0070589
68356083,6130,UBT/BTC,Buy,3.41e-06,5000.0,0.01705,3.41e-05,2018-09-04T04:31:10.0070589
68356077,6130,UBT/BTC,Buy,3.41e-06,2500.0,0.008525,1.705e-05,2018-09-04T04:31:01.7301884
68356077,6130,UBT/BTC,Buy,3.41e-06,2500.0,0.008525,1.705e-05,2018-09-04T04:31:01.7301884
68355848,6130,UBT/BTC,Sell,3.54e-06,1716.20983385,0.00607538,1.215e-05,2018-09-04T04:25:36.7315355
68355840,6130,UBT/BTC,Sell,3.54e-06,5000.0,0.0177,3.54e-05,2018-09-04T04:25:19.1979418
68355839,6130,UBT/BTC,Sell,3.54e-06,2500.0,0.00885,1.77e-05,2018-09-04T04:25:19.1979418
68355810,6130,UBT/BTC,Sell,3.54e-06,7500.0,0.02655,5.31e-05,2018-09-04T04:24:28.7509852
68355809,6130,UBT/BTC,Sell,3.54e-06,5000.0,0.0177,3.54e-05,2018-09-04T04:24:28.7509852
68355808,6130,UBT/BTC,Sell,3.53e-06,2500.0,0.008825,1.765e-05,2018-09-04T04:24:23.2820071
68355800,6130,UBT/BTC,Sell,3.53e-06,7500.0,0.026475,5.295e-05,2018-09-04T04:24:03.629318
68355799,6130,UBT/BTC,Sell,3.53e-06,5000.0,0.01765,3.53e-05,2018-09-04T04:24:03.629318
68355798,6130,UBT/BTC,Sell,3.52e-06,2500.0,0.0088,1.76e-05,2018-09-04T04:24:03.629318
68344336,6130,UBT/BTC,Sell,3.33e-06,180.18018018,0.0006,1.2e-06,2018-09-03T23:00:22.5632445
68327770,6130,UBT/BTC,Buy,3.32e-06,2500.0,0.0083,1.66e-05,2018-09-03T17:00:53.4593814
68327770,6130,UBT/BTC,Buy,3.32e-06,2500.0,0.0083,1.66e-05,2018-09-03T17:00:53.4593814
68322187,6130,UBT/BTC,Sell,3.44e-06,1081.48238407,0.0037203,7.44e-06,2018-09-03T14:57:33.6219742
68322149,6130,UBT/BTC,Sell,3.43e-06,1793.6488539,0.00615222,1.23e-05,2018-09-03T14:56:49.1184146
68321745,6130,UBT/BTC,Sell,3.43e-06,706.3511461,0.00242278,4.85e-06,2018-09-03T14:47:50.406954
68318092,6130,UBT/BTC,Buy,3.37e-06,2500.0,0.008425,1.685e-05,2018-09-03T13:30:38.2649179
68318092,6130,UBT/BTC,Buy,3.37e-06,2500.0,0.008425,1.685e-05,2018-09-03T13:30:38.2649179
68317369,6130,UBT/BTC,Buy,3.32e-06,2500.0,0.0083,1.66e-05,2018-09-03T13:15:49.2861268
68317369,6130,UBT/BTC,Buy,3.32e-06,2500.0,0.0083,1.66e-05,2018-09-03T13:15:49.2861268
68317351,6130,UBT/BTC,Buy,3.32e-06,5000.0,0.0166,3.32e-05,2018-09-03T13:15:32.2047272
68317351,6130,UBT/BTC,Buy,3.32e-06,5000.0,0.0166,3.32e-05,2018-09-03T13:15:32.2047272
68317350,6130,UBT/BTC,Buy,3.32e-06,2500.0,0.0083,1.66e-05,2018-09-03T13:15:32.2047272
68317350,6130,UBT/BTC,Buy,3.32e-06,2500.0,0.0083,1.66e-05,2018-09-03T13:15:32.2047272
68317344,6130,UBT/BTC,Buy,3.36e-06,2500.0,0.0084,1.68e-05,2018-09-03T13:15:29.541142
68317344,6130,UBT/BTC,Buy,3.36e-06,2500.0,0.0084,1.68e-05,2018-09-03T13:15:29.541142
68317341,6130,UBT/BTC,Buy,3.36e-06,2500.0,0.0084,1.68e-05,2018-09-03T13:15:27.4612467
68317341,6130,UBT/BTC,Buy,3.36e-06,2500.0,0.0084,1.68e-05,2018-09-03T13:15:27.4612467
68314595,6130,UBT/BTC,Buy,3.32e-06,2500.0,0.0083,1.66e-05,2018-09-03T12:20:06.4767294
68314595,6130,UBT/BTC,Buy,3.32e-06,2500.0,0.0083,1.66e-05,2018-09-03T12:20:06.4767294
68311246,6130,UBT/BTC,Buy,3.32e-06,5000.0,0.0166,3.32e-05,2018-09-03T11:03:46.9029054
68311246,6130,UBT/BTC,Buy,3.32e-06,5000.0,0.0166,3.32e-05,2018-09-03T11:03:46.9029054
68311236,6130,UBT/BTC,Buy,3.32e-06,2500.0,0.0083,1.66e-05,2018-09-03T11:03:33.8470085
68311236,6130,UBT/BTC,Buy,3.32e-06,2500.0,0.0083,1.66e-05,2018-09-03T11:03:33.8470085
68309134,6130,UBT/BTC,Buy,3.32e-06,2500.0,0.0083,1.66e-05,2018-09-03T10:33:32.1689167
68309134,6130,UBT/BTC,Buy,3.32e-06,2500.0,0.0083,1.66e-05,2018-09-03T10:33:32.1689167
68307890,6130,UBT/BTC,Buy,3.32e-06,2500.0,0.0083,1.66e-05,2018-09-03T09:56:25.2358474
68307890,6130,UBT/BTC,Buy,3.32e-06,2500.0,0.0083,1.66e-05,2018-09-03T09:56:25.2358474
68307769,6130,UBT/BTC,Buy,3.35e-06,5000.0,0.01675,3.35e-05,2018-09-03T09:53:09.558522
68307769,6130,UBT/BTC,Buy,3.35e-06,5000.0,0.01675,3.35e-05,2018-09-03T09:53:09.558522
68307752,6130,UBT/BTC,Buy,3.36e-06,2500.0,0.0084,1.68e-05,2018-09-03T09:52:46.8143466
68307752,6130,UBT/BTC,Buy,3.36e-06,2500.0,0.0084,1.68e-05,2018-09-03T09:52:46.8143466
68307144,6130,UBT/BTC,Buy,3.32e-06,2500.0,0.0083,1.66e-05,2018-09-03T09:34:09.4561515
68307144,6130,UBT/BTC,Buy,3.32e-06,2500.0,0.0083,1.66e-05,2018-09-03T09:34:09.4561515
68307140,6130,UBT/BTC,Buy,3.32e-06,5000.0,0.0166,3.32e-05,2018-09-03T09:33:50.4969288
68307140,6130,UBT/BTC,Buy,3.32e-06,5000.0,0.0166,3.32e-05,2018-09-03T09:33:50.4969288
68307125,6130,UBT/BTC,Buy,3.32e-06,5000.0,0.0166,3.32e-05,2018-09-03T09:33:23.3045959
68307125,6130,UBT/BTC,Buy,3.32e-06,5000.0,0.0166,3.32e-05,2018-09-03T09:33:23.3045959
68306943,6130,UBT/BTC,Buy,3.35e-06,2500.0,0.008375,1.675e-05,2018-09-03T09:28:54.9441082
68306943,6130,UBT/BTC,Buy,3.35e-06,2500.0,0.008375,1.675e-05,2018-09-03T09:28:54.9441082
68306044,6130,UBT/BTC,Buy,3.32e-06,2500.0,0.0083,1.66e-05,2018-09-03T09:03:53.6271686
68306044,6130,UBT/BTC,Buy,3.32e-06,2500.0,0.0083,1.66e-05,2018-09-03T09:03:53.6271686
68304758,6130,UBT/BTC,Buy,3.32e-06,2500.0,0.0083,1.66e-05,2018-09-03T08:33:25.1678147
68304758,6130,UBT/BTC,Buy,3.32e-06,2500.0,0.0083,1.66e-05,2018-09-03T08:33:25.1678147
68303332,6130,UBT/BTC,Buy,3.33e-06,2500.0,0.008325,1.665e-05,2018-09-03T07:56:46.8642005
68303332,6130,UBT/BTC,Buy,3.33e-06,2500.0,0.008325,1.665e-05,2018-09-03T07:56:46.8642005
68303056,6130,UBT/BTC,Sell,3.35e-06,5000.0,0.01675,3.35e-05,2018-09-03T07:47:33.2296432
68303055,6130,UBT/BTC,Sell,3.35e-06,7500.0,0.025125,5.025e-05,2018-09-03T07:47:33.2296432
68303050,6130,UBT/BTC,Buy,3.4e-06,5000.0,0.017,3.4e-05,2018-09-03T07:47:06.7477194
68303050,6130,UBT/BTC,Buy,3.4e-06,5000.0,0.017,3.4e-05,2018-09-03T07:47:06.7477194
68303047,6130,UBT/BTC,Buy,3.4e-06,2500.0,0.0085,1.7e-05,2018-09-03T07:47:00.3851894
68303047,6130,UBT/BTC,Buy,3.4e-06,2500.0,0.0085,1.7e-05,2018-09-03T07:47:00.3851894
68302659,6130,UBT/BTC,Sell,3.49e-06,250.0,0.0008725,1.74e-06,2018-09-03T07:36:29.3103956
68302562,6130,UBT/BTC,Buy,3.32e-06,5000.0,0.0166,3.32e-05,2018-09-03T07:33:45.5393574
68302562,6130,UBT/BTC,Buy,3.32e-06,5000.0,0.0166,3.32e-05,2018-09-03T07:33:45.5393574
68302558,6130,UBT/BTC,Buy,3.32e-06,2500.0,0.0083,1.66e-05,2018-09-03T07:33:35.4976803
68302558,6130,UBT/BTC,Buy,3.32e-06,2500.0,0.0083,1.66e-05,2018-09-03T07:33:35.4976803
68302520,6130,UBT/BTC,Buy,3.34e-06,5000.0,0.0167,3.34e-05,2018-09-03T07:32:05.2889943
68302520,6130,UBT/BTC,Buy,3.34e-06,5000.0,0.0167,3.34e-05,2018-09-03T07:32:05.2889943
68302514,6130,UBT/BTC,Buy,3.34e-06,2500.0,0.00835,1.67e-05,2018-09-03T07:31:52.9636517
68302514,6130,UBT/BTC,Buy,3.34e-06,2500.0,0.00835,1.67e-05,2018-09-03T07:31:52.9636517
68302426,6130,UBT/BTC,Buy,3.33e-06,2500.0,0.008325,1.665e-05,2018-09-03T07:28:59.5772297
68302426,6130,UBT/BTC,Buy,3.33e-06,2500.0,0.008325,1.665e-05,2018-09-03T07:28:59.5772297
68302272,6130,UBT/BTC,Buy,3.36e-06,5000.0,0.0168,3.36e-05,2018-09-03T07:25:16.4138465
68302272,6130,UBT/BTC,Buy,3.36e-06,5000.0,0.0168,3.36e-05,2018-09-03T07:25:16.4138465
68302271,6130,UBT/BTC,Buy,3.39e-06,2500.0,0.008475,1.695e-05,2018-09-03T07:25:11.7556877
68302271,6130,UBT/BTC,Buy,3.39e-06,2500.0,0.008475,1.695e-05,2018-09-03T07:25:11.7556877
68302056,6130,UBT/BTC,Buy,3.36e-06,1000.0,0.00336,6.72e-06,2018-09-03T07:20:06.6858956
68301564,6130,UBT/BTC,Buy,3.32e-06,2500.0,0.0083,1.66e-05,2018-09-03T07:07:48.7045261
68301564,6130,UBT/BTC,Buy,3.32e-06,2500.0,0.0083,1.66e-05,2018-09-03T07:07:48.7045261
68301228,6130,UBT/BTC,Sell,3.34e-06,507.96610372,0.00169661,3.39e-06,2018-09-03T07:01:17.6553728
68299992,6130,UBT/BTC,Buy,3.38e-06,932.72823272,0.00315262,6.31e-06,2018-09-03T06:23:55.071625
68299403,6130,UBT/BTC,Buy,3.32e-06,2500.0,0.0083,1.66e-05,2018-09-03T06:02:25.875233
68299403,6130,UBT/BTC,Buy,3.32e-06,2500.0,0.0083,1.66e-05,2018-09-03T06:02:25.875233
68298573,6130,UBT/BTC,Buy,3.32e-06,2500.0,0.0083,1.66e-05,2018-09-03T05:33:24.9778522
68298573,6130,UBT/BTC,Buy,3.32e-06,2500.0,0.0083,1.66e-05,2018-09-03T05:33:24.9778522
68297512,6130,UBT/BTC,Buy,3.32e-06,2500.0,0.0083,1.66e-05,2018-09-03T05:03:27.2142937
68297512,6130,UBT/BTC,Buy,3.32e-06,2500.0,0.0083,1.66e-05,2018-09-03T05:03:27.2142937
68292644,6130,UBT/BTC,Buy,3.33e-06,2500.0,0.008325,1.665e-05,2018-09-03T02:34:25.8180955
68292644,6130,UBT/BTC,Buy,3.33e-06,2500.0,0.008325,1.665e-05,2018-09-03T02:34:25.8180955
68292611,6130,UBT/BTC,Buy,3.4e-06,2500.0,0.0085,1.7e-05,2018-09-03T02:33:39.4478938
68292611,6130,UBT/BTC,Buy,3.4e-06,2500.0,0.0085,1.7e-05,2018-09-03T02:33:39.4478938
68292608,6130,UBT/BTC,Buy,3.4e-06,5000.0,0.017,3.4e-05,2018-09-03T02:33:37.3280387
68292608,6130,UBT/BTC,Buy,3.4e-06,5000.0,0.017,3.4e-05,2018-09-03T02:33:37.3280387
68292601,6130,UBT/BTC,Buy,3.41e-06,2500.0,0.008525,1.705e-05,2018-09-03T02:33:21.9353554
68292601,6130,UBT/BTC,Buy,3.41e-06,2500.0,0.008525,1.705e-05,2018-09-03T02:33:21.9353554
68291701,6130,UBT/BTC,Sell,3.34e-06,3037.99885259,0.01014692,2.029e-05,2018-09-03T02:04:50.5421075
68291660,6130,UBT/BTC,Sell,3.34e-06,5000.0,0.0167,3.34e-05,2018-09-03T02:03:57.4600779
68291659,6130,UBT/BTC,Sell,3.34e-06,7500.0,0.02505,5.01e-05,2018-09-03T02:03:57.4600779
68291645,6130,UBT/BTC,Buy,3.36e-06,5000.0,0.0168,3.36e-05,2018-09-03T02:03:29.1062723
68291645,6130,UBT/BTC,Buy,3.36e-06,5000.0,0.0168,3.36e-05,2018-09-03T02:03:29.1062723
68291643,6130,UBT/BTC,Buy,3.36e-06,2500.0,0.0084,1.68e-05,2018-09-03T02:03:25.0788453
68291643,6130,UBT/BTC,Buy,3.36e-06,2500.0,0.0084,1.68e-05,2018-09-03T02:03:25.0788453
68285110,6130,UBT/BTC,Sell,3.41e-06,2207.54970996,0.00752774,1.506e-05,2018-09-02T23:22:10.3400653
68285101,6130,UBT/BTC,Sell,3.41e-06,234.60410557,0.0008,1.6e-06,2018-09-02T23:22:04.5673153
68285100,6130,UBT/BTC,Sell,3.41e-06,2265.39589443,0.007725,1.545e-05,2018-09-02T23:22:02.584447
68285098,6130,UBT/BTC,Sell,3.41e-06,234.60410557,0.0008,1.6e-06,2018-09-02T23:22:02.3031293
68285079,6130,UBT/BTC,Sell,3.39e-06,7500.0,0.025425,5.085e-05,2018-09-02T23:21:35.1773543
68285078,6130,UBT/BTC,Sell,3.38e-06,5000.0,0.0169,3.38e-05,2018-09-02T23:21:35.1773543
68285077,6130,UBT/BTC,Sell,3.38e-06,2500.0,0.00845,1.69e-05,2018-09-02T23:21:35.1773543
68276014,6130,UBT/BTC,Sell,3.46e-06,1976.6824732,0.00683932,1.368e-05,2018-09-02T19:20:34.7685818
68275953,6130,UBT/BTC,Sell,3.46e-06,1826.53190728,0.0063198,1.264e-05,2018-09-02T19:19:08.9446816
68275952,6130,UBT/BTC,Sell,3.46e-06,2500.0,0.00865,1.73e-05,2018-09-02T19:19:08.9446816
68273275,6130,UBT/BTC,Sell,3.47e-06,435.21314719,0.00151019,3.02e-06,2018-09-02T18:25:02.0150737
68273261,6130,UBT/BTC,Sell,3.47e-06,2566.32268604,0.00890514,1.781e-05,2018-09-02T18:24:40.9104428
68273260,6130,UBT/BTC,Sell,3.47e-06,5000.0,0.01735,3.47e-05,2018-09-02T18:24:40.9104428
68273259,6130,UBT/BTC,Sell,3.46e-06,2500.0,0.00865,1.73e-05,2018-09-02T18:24:40.9104428
68272443,6130,UBT/BTC,Sell,3.46e-06,2500.0,0.00865,1.73e-05,2018-09-02T18:06:35.0714152
68270558,6130,UBT/BTC,Sell,3.47e-06,5985.28016014,0.02076892,4.154e-05,2018-09-02T17:26:52.7953904
68270557,6130,UBT/BTC,Sell,3.47e-06,2474.33950543,0.00858596,1.717e-05,2018-09-02T17:26:52.7953904
68270541,6130,UBT/BTC,Sell,3.47e-06,2525.66049457,0.00876404,1.753e-05,2018-09-02T17:26:35.0056202
68270540,6130,UBT/BTC,Sell,3.46e-06,2500.0,0.00865,1.73e-05,2018-09-02T17:26:35.0056202
68268639,6130,UBT/BTC,Sell,3.46e-06,7500.0,0.02595,5.19e-05,2018-09-02T16:52:20.2128906
68268638,6130,UBT/BTC,Sell,3.46e-06,5000.0,0.0173,3.46e-05,2018-09-02T16:52:20.2128906
68268637,6130,UBT/BTC,Sell,3.46e-06,2500.0,0.00865,1.73e-05,2018-09-02T16:52:20.2128906
68267079,6130,UBT/BTC,Sell,3.46e-06,7500.0,0.02595,5.19e-05,2018-09-02T16:22:03.6142179
68267078,6130,UBT/BTC,Sell,3.46e-06,5000.0,0.0173,3.46e-05,2018-09-02T16:22:03.6142179
68267077,6130,UBT/BTC,Sell,3.46e-06,2500.0,0.00865,1.73e-05,2018-09-02T16:22:03.6142179
68251562,6130,UBT/BTC,Sell,3.54e-06,225.98870056,0.0008,1.6e-06,2018-09-02T11:32:11.5356168
68250752,6130,UBT/BTC,Sell,3.55e-06,200.0,0.00071,1.42e-06,2018-09-02T11:20:17.7732734
68249525,6130,UBT/BTC,Sell,3.54e-06,3650.69215738,0.01292345,2.585e-05,2018-09-02T10:52:58.1160877
68249524,6130,UBT/BTC,Sell,3.54e-06,4066.42807786,0.01439516,2.879e-05,2018-09-02T10:52:58.1160877
68248697,6130,UBT/BTC,Sell,3.54e-06,1409.61015821,0.00499002,9.98e-06,2018-09-02T10:38:08.160055
68248575,6130,UBT/BTC,Sell,3.54e-06,5000.0,0.0177,3.54e-05,2018-09-02T10:35:06.4102834
68248574,6130,UBT/BTC,Sell,3.54e-06,7500.0,0.02655,5.31e-05,2018-09-02T10:35:06.4102834
68248520,6130,UBT/BTC,Buy,3.7e-06,5000.0,0.0185,3.7e-05,2018-09-02T10:33:29.3531625
68248520,6130,UBT/BTC,Buy,3.7e-06,5000.0,0.0185,3.7e-05,2018-09-02T10:33:29.3531625
68248516,6130,UBT/BTC,Buy,3.71e-06,2500.0,0.009275,1.855e-05,2018-09-02T10:33:24.6624457
68248516,6130,UBT/BTC,Buy,3.71e-06,2500.0,0.009275,1.855e-05,2018-09-02T10:33:24.6624457
68248491,6130,UBT/BTC,Buy,3.61e-06,5000.0,0.01805,3.61e-05,2018-09-02T10:32:30.4202478
68248491,6130,UBT/BTC,Buy,3.61e-06,5000.0,0.01805,3.61e-05,2018-09-02T10:32:30.4202478
68248487,6130,UBT/BTC,Buy,3.61e-06,2500.0,0.009025,1.805e-05,2018-09-02T10:32:28.7727295
68248487,6130,UBT/BTC,Buy,3.61e-06,2500.0,0.009025,1.805e-05,2018-09-02T10:32:28.7727295
68247782,6130,UBT/BTC,Sell,3.56e-06,969.01702214,0.0034497,6.9e-06,2018-09-02T10:20:33.6031755
68247340,6130,UBT/BTC,Sell,3.54e-06,7500.0,0.02655,5.31e-05,2018-09-02T10:14:22.8770831
68247339,6130,UBT/BTC,Sell,3.53e-06,5000.0,0.01765,3.53e-05,2018-09-02T10:14:22.8770831
68247338,6130,UBT/BTC,Sell,3.53e-06,2500.0,0.008825,1.765e-05,2018-09-02T10:14:22.8770831
68246137,6130,UBT/BTC,Sell,3.54e-06,579.67680458,0.00205206,4.1e-06,2018-09-02T09:59:20.6863778
68244950,6130,UBT/BTC,Buy,3.45e-06,146.6280222,0.00050587,1.01e-06,2018-09-02T09:43:41.834775
68243968,6130,UBT/BTC,Buy,3.45e-06,2500.0,0.008625,1.725e-05,2018-09-02T09:33:24.4737421
68243968,6130,UBT/BTC,Buy,3.45e-06,2500.0,0.008625,1.725e-05,2018-09-02T09:33:24.4737421
68240011,6130,UBT/BTC,Buy,3.58e-06,6001.29390543,0.02148463,4.297e-05,2018-09-02T08:15:04.0808765
68236328,6130,UBT/BTC,Buy,3.57e-06,5237.73164966,0.0186987,3.74e-05,2018-09-02T06:57:10.4837104
68232552,6130,UBT/BTC,Buy,3.6e-06,223.46368715,0.00080447,1.61e-06,2018-09-02T05:40:02.8858131
68224355,6130,UBT/BTC,Sell,3.53e-06,4103.63011474,0.01448581,2.897e-05,2018-09-02T01:33:45.7770918
68224352,6130,UBT/BTC,Buy,3.52e-06,2735.75340983,0.00962985,1.926e-05,2018-09-02T01:33:38.6540289
68224352,6130,UBT/BTC,Buy,3.52e-06,2735.75340983,0.00962985,1.926e-05,2018-09-02T01:33:38.6540289
68223296,6130,UBT/BTC,Buy,3.58e-06,2735.75340983,0.009794,1.959e-05,2018-09-02T01:02:13.1267789
68223296,6130,UBT/BTC,Buy,3.58e-06,2735.75340983,0.009794,1.959e-05,2018-09-02T01:02:13.1267789
68222145,6130,UBT/BTC,Buy,3.58e-06,2735.75340983,0.009794,1.959e-05,2018-09-02T00:31:43.9049527
68222145,6130,UBT/BTC,Buy,3.58e-06,2735.75340983,0.009794,1.959e-05,2018-09-02T00:31:43.9049527
68221084,6130,UBT/BTC,Buy,3.51e-06,2735.75340983,0.00960249,1.92e-05,2018-09-02T00:01:53.9609279
68221084,6130,UBT/BTC,Buy,3.51e-06,2735.75340983,0.00960249,1.92e-05,2018-09-02T00:01:53.9609279
68217294,6130,UBT/BTC,Buy,3.48e-06,1603.63011474,0.00558063,1.116e-05,2018-09-01T22:34:08.7476231
68217294,6130,UBT/BTC,Buy,3.48e-06,1603.63011474,0.00558063,1.116e-05,2018-09-01T22:34:08.7476231
68217293,6130,UBT/BTC,Buy,3.48e-06,2500.0,0.0087,1.74e-05,2018-09-01T22:34:05.6078321
68217293,6130,UBT/BTC,Buy,3.48e-06,2500.0,0.0087,1.74e-05,2018-09-01T22:34:05.6078321
68213301,6130,UBT/BTC,Sell,3.49e-06,148.6997352,0.00051896,1.04e-06,2018-09-01T21:12:42.103632
68208789,6130,UBT/BTC,Buy,3.49e-06,2780.36333039,0.00970347,1.941e-05,2018-09-01T20:02:08.8303339
68208789,6130,UBT/BTC,Buy,3.49e-06,2780.36333039,0.00970347,1.941e-05,2018-09-01T20:02:08.8303339
68208420,6130,UBT/BTC,Sell,3.5e-06,256.85018851,0.00089898,1.8e-06,2018-09-01T19:54:27.8507214
68207268,6130,UBT/BTC,Sell,3.58e-06,1191.49617547,0.00426556,8.53e-06,2018-09-01T19:32:17.1960558
68207266,6130,UBT/BTC,Sell,3.58e-06,4369.20379797,0.01564175,3.128e-05,2018-09-01T19:32:11.3014738
68207265,6130,UBT/BTC,Sell,3.58e-06,223.46368715,0.0008,1.6e-06,2018-09-01T19:32:11.3014738
68207121,6130,UBT/BTC,Sell,3.49e-06,5000.0,0.01745,3.49e-05,2018-09-01T19:29:52.8455514
68207120,6130,UBT/BTC,Sell,3.49e-06,2500.0,0.008725,1.745e-05,2018-09-01T19:29:52.8455514
68207119,6130,UBT/BTC,Sell,3.48e-06,7500.0,0.0261,5.22e-05,2018-09-01T19:29:52.8455514
68204711,6130,UBT/BTC,Sell,3.49e-06,7500.0,0.026175,5.235e-05,2018-09-01T18:51:03.4913347
68204709,6130,UBT/BTC,Sell,3.48e-06,5000.0,0.0174,3.48e-05,2018-09-01T18:51:00.1868975
68204708,6130,UBT/BTC,Sell,3.48e-06,2500.0,0.0087,1.74e-05,2018-09-01T18:51:00.1868975
68197709,6130,UBT/BTC,Sell,3.47e-06,146.680702,0.00050898,1.02e-06,2018-09-01T17:16:59.551513
68196066,6130,UBT/BTC,Sell,3.5e-06,160.62161392,0.00056218,1.12e-06,2018-09-01T17:01:14.8070654
68191934,6130,UBT/BTC,Sell,3.48e-06,5000.0,0.0174,3.48e-05,2018-09-01T16:15:23.7348783
68188512,6130,UBT/BTC,Buy,3.47e-06,2500.0,0.008675,1.735e-05,2018-09-01T15:33:42.5308453
68188512,6130,UBT/BTC,Buy,3.47e-06,2500.0,0.008675,1.735e-05,2018-09-01T15:33:42.5308453
68185402,6130,UBT/BTC,Buy,3.49e-06,2500.0,0.008725,1.745e-05,2018-09-01T15:03:19.0991002
68185402,6130,UBT/BTC,Buy,3.49e-06,2500.0,0.008725,1.745e-05,2018-09-01T15:03:19.0991002
68170543,6130,UBT/BTC,Sell,3.48e-06,285.27714686,0.00099276,1.99e-06,2018-09-01T11:56:39.6375272
68165846,6130,UBT/BTC,Sell,3.48e-06,363.94452474,0.00126653,2.53e-06,2018-09-01T10:27:20.7932186
68156268,6130,UBT/BTC,Sell,3.44e-06,166.23191433,0.00057184,1.14e-06,2018-09-01T08:05:07.4831209
68144660,6130,UBT/BTC,Buy,3.48e-06,2500.0,0.0087,1.74e-05,2018-09-01T06:08:21.2342799
68144660,6130,UBT/BTC,Buy,3.48e-06,2500.0,0.0087,1.74e-05,2018-09-01T06:08:21.2342799
68144240,6130,UBT/BTC,Buy,3.49e-06,5000.0,0.01745,3.49e-05,2018-09-01T06:01:39.1889547
68144240,6130,UBT/BTC,Buy,3.49e-06,5000.0,0.01745,3.49e-05,2018-09-01T06:01:39.1889547
68144233,6130,UBT/BTC,Buy,3.49e-06,2500.0,0.008725,1.745e-05,2018-09-01T06:01:31.9768559
68144233,6130,UBT/BTC,Buy,3.49e-06,2500.0,0.008725,1.745e-05,2018-09-01T06:01:31.9768559
68143937,6130,UBT/BTC,Buy,3.49e-06,2500.0,0.008725,1.745e-05,2018-09-01T05:56:26.5593201
68143937,6130,UBT/BTC,Buy,3.49e-06,2500.0,0.008725,1.745e-05,2018-09-01T05:56:26.5593201
68143923,6130,UBT/BTC,Buy,3.49e-06,2500.0,0.008725,1.745e-05,2018-09-01T05:56:25.0245037
68143923,6130,UBT/BTC,Buy,3.49e-06,2500.0,0.008725,1.745e-05,2018-09-01T05:56:25.0245037
68143895,6130,UBT/BTC,Buy,3.49e-06,5000.0,0.01745,3.49e-05,2018-09-01T05:56:03.5423447
68143895,6130,UBT/BTC,Buy,3.49e-06,5000.0,0.01745,3.49e-05,2018-09-01T05:56:03.5423447
68143883,6130,UBT/BTC,Buy,3.5e-06,2500.0,0.00875,1.75e-05,2018-09-01T05:55:58.709068
68143883,6130,UBT/BTC,Buy,3.5e-06,2500.0,0.00875,1.75e-05,2018-09-01T05:55:58.709068
68143443,6130,UBT/BTC,Buy,3.48e-06,5000.0,0.0174,3.48e-05,2018-09-01T05:51:46.3827409
68143443,6130,UBT/BTC,Buy,3.48e-06,5000.0,0.0174,3.48e-05,2018-09-01T05:51:46.3827409
68143398,6130,UBT/BTC,Buy,3.48e-06,336.6762178,0.00117163,2.34e-06,2018-09-01T05:51:16.196907
68143398,6130,UBT/BTC,Buy,3.48e-06,336.6762178,0.00117163,2.34e-06,2018-09-01T05:51:16.196907
68143397,6130,UBT/BTC,Sell,3.49e-06,7163.3237822,0.025,5e-05,2018-09-01T05:51:16.196907
68143395,6130,UBT/BTC,Buy,3.51e-06,2500.0,0.008775,1.755e-05,2018-09-01T05:51:15.8843413
68143395,6130,UBT/BTC,Buy,3.51e-06,2500.0,0.008775,1.755e-05,2018-09-01T05:51:15.8843413
68143380,6130,UBT/BTC,Buy,3.51e-06,2500.0,0.008775,1.755e-05,2018-09-01T05:51:10.6150698
68143380,6130,UBT/BTC,Buy,3.51e-06,2500.0,0.008775,1.755e-05,2018-09-01T05:51:10.6150698
68143379,6130,UBT/BTC,Buy,3.51e-06,2500.0,0.008775,1.755e-05,2018-09-01T05:51:10.6150698
68143379,6130,UBT/BTC,Buy,3.51e-06,2500.0,0.008775,1.755e-05,2018-09-01T05:51:10.6150698
68143256,6130,UBT/BTC,Buy,3.52e-06,5000.0,0.0176,3.52e-05,2018-09-01T05:49:45.0359571
68143256,6130,UBT/BTC,Buy,3.52e-06,5000.0,0.0176,3.52e-05,2018-09-01T05:49:45.0359571
68143250,6130,UBT/BTC,Buy,3.52e-06,2500.0,0.0088,1.76e-05,2018-09-01T05:49:36.9133173
68143250,6130,UBT/BTC,Buy,3.52e-06,2500.0,0.0088,1.76e-05,2018-09-01T05:49:36.9133173
68143046,6130,UBT/BTC,Buy,3.47e-06,2500.0,0.008675,1.735e-05,2018-09-01T05:48:09.849598
68143046,6130,UBT/BTC,Buy,3.47e-06,2500.0,0.008675,1.735e-05,2018-09-01T05:48:09.849598
68142942,6130,UBT/BTC,Buy,3.48e-06,2500.0,0.0087,1.74e-05,2018-09-01T05:47:12.4288817
68142942,6130,UBT/BTC,Buy,3.48e-06,2500.0,0.0087,1.74e-05,2018-09-01T05:47:12.4288817
68142783,6130,UBT/BTC,Buy,3.63e-06,5000.0,0.01815,3.63e-05,2018-09-01T05:44:33.1070047
68142783,6130,UBT/BTC,Buy,3.63e-06,5000.0,0.01815,3.63e-05,2018-09-01T05:44:33.1070047
68142782,6130,UBT/BTC,Buy,3.64e-06,2500.0,0.0091,1.82e-05,2018-09-01T05:44:25.9446689
68142782,6130,UBT/BTC,Buy,3.64e-06,2500.0,0.0091,1.82e-05,2018-09-01T05:44:25.9446689
68142701,6130,UBT/BTC,Buy,3.51e-06,5000.0,0.01755,3.51e-05,2018-09-01T05:43:19.5941801
68142701,6130,UBT/BTC,Buy,3.51e-06,5000.0,0.01755,3.51e-05,2018-09-01T05:43:19.5941801
68142615,6130,UBT/BTC,Buy,3.48e-06,3935.57261245,0.01369579,2.739e-05,2018-09-01T05:41:36.9623502
68142614,6130,UBT/BTC,Buy,3.48e-06,2500.0,0.0087,1.74e-05,2018-09-01T05:41:36.9623502
68142446,6130,UBT/BTC,Buy,3.59e-06,4003.03259319,0.01437089,2.874e-05,2018-09-01T05:37:16.4204047
68142446,6130,UBT/BTC,Buy,3.59e-06,4003.03259319,0.01437089,2.874e-05,2018-09-01T05:37:16.4204047
68142418,6130,UBT/BTC,Buy,3.59e-06,2500.0,0.008975,1.795e-05,2018-09-01T05:37:00.705085
68142418,6130,UBT/BTC,Buy,3.59e-06,2500.0,0.008975,1.795e-05,2018-09-01T05:37:00.705085
68142394,6130,UBT/BTC,Buy,3.58e-06,2500.0,0.00895,1.79e-05,2018-09-01T05:36:27.2314612
68142394,6130,UBT/BTC,Buy,3.58e-06,2500.0,0.00895,1.79e-05,2018-09-01T05:36:27.2314612
68142387,6130,UBT/BTC,Buy,3.58e-06,2500.0,0.00895,1.79e-05,2018-09-01T05:36:23.5173752
68142387,6130,UBT/BTC,Buy,3.58e-06,2500.0,0.00895,1.79e-05,2018-09-01T05:36:23.5173752
68142283,6130,UBT/BTC,Buy,3.56e-06,5000.0,0.0178,3.56e-05,2018-09-01T05:35:34.8260166
68142283,6130,UBT/BTC,Buy,3.56e-06,5000.0,0.0178,3.56e-05,2018-09-01T05:35:34.8260166
68142275,6130,UBT/BTC,Buy,3.57e-06,2500.0,0.008925,1.785e-05,2018-09-01T05:35:29.4951665
68142275,6130,UBT/BTC,Buy,3.57e-06,2500.0,0.008925,1.785e-05,2018-09-01T05:35:29.4951665
68142178,6130,UBT/BTC,Buy,3.48e-06,5000.0,0.0174,3.48e-05,2018-09-01T05:34:26.7466022
68142178,6130,UBT/BTC,Buy,3.48e-06,5000.0,0.0174,3.48e-05,2018-09-01T05:34:26.7466022
68142170,6130,UBT/BTC,Buy,3.47e-06,2500.0,0.008675,1.735e-05,2018-09-01T05:34:19.645136
68142170,6130,UBT/BTC,Buy,3.47e-06,2500.0,0.008675,1.735e-05,2018-09-01T05:34:19.645136
68140457,6130,UBT/BTC,Buy,3.53e-06,4003.03259319,0.01413071,2.826e-05,2018-09-01T05:05:55.834671
68140457,6130,UBT/BTC,Buy,3.53e-06,4003.03259319,0.01413071,2.826e-05,2018-09-01T05:05:55.834671
68140450,6130,UBT/BTC,Buy,3.53e-06,2500.0,0.008825,1.765e-05,2018-09-01T05:05:49.0453974
68140450,6130,UBT/BTC,Buy,3.53e-06,2500.0,0.008825,1.765e-05,2018-09-01T05:05:49.0453974
68140370,6130,UBT/BTC,Buy,3.49e-06,5000.0,0.01745,3.49e-05,2018-09-01T05:03:50.6669764
68140370,6130,UBT/BTC,Buy,3.49e-06,5000.0,0.01745,3.49e-05,2018-09-01T05:03:50.6669764
68140367,6130,UBT/BTC,Buy,3.49e-06,2500.0,0.008725,1.745e-05,2018-09-01T05:03:36.5271778
68140367,6130,UBT/BTC,Buy,3.49e-06,2500.0,0.008725,1.745e-05,2018-09-01T05:03:36.5271778
68139168,6130,UBT/BTC,Buy,3.59e-06,2500.0,0.008975,1.795e-05,2018-09-01T04:50:57.3345883
68139168,6130,UBT/BTC,Buy,3.59e-06,2500.0,0.008975,1.795e-05,2018-09-01T04:50:57.3345883
68139167,6130,UBT/BTC,Buy,3.6e-06,2500.0,0.009,1.8e-05,2018-09-01T04:50:57.3345883
68139167,6130,UBT/BTC,Buy,3.6e-06,2500.0,0.009,1.8e-05,2018-09-01T04:50:57.3345883
68139163,6130,UBT/BTC,Buy,3.6e-06,2500.0,0.009,1.8e-05,2018-09-01T04:50:52.3506673
68139163,6130,UBT/BTC,Buy,3.6e-06,2500.0,0.009,1.8e-05,2018-09-01T04:50:52.3506673
68139143,6130,UBT/BTC,Buy,3.53e-06,2500.0,0.008825,1.765e-05,2018-09-01T04:50:31.5366829
68139143,6130,UBT/BTC,Buy,3.53e-06,2500.0,0.008825,1.765e-05,2018-09-01T04:50:31.5366829
68138959,6130,UBT/BTC,Buy,3.6e-06,5000.0,0.018,3.6e-05,2018-09-01T04:46:42.3127081
68138959,6130,UBT/BTC,Buy,3.6e-06,5000.0,0.018,3.6e-05,2018-09-01T04:46:42.3127081
68138957,6130,UBT/BTC,Buy,3.6e-06,2278.3933518,0.00820222,1.64e-05,2018-09-01T04:46:35.1017474
68138957,6130,UBT/BTC,Buy,3.6e-06,2278.3933518,0.00820222,1.64e-05,2018-09-01T04:46:35.1017474
68138956,6130,UBT/BTC,Sell,3.61e-06,221.6066482,0.0008,1.6e-06,2018-09-01T04:46:35.1017474
68138925,6130,UBT/BTC,Buy,3.6e-06,5000.0,0.018,3.6e-05,2018-09-01T04:46:04.7214857
68138925,6130,UBT/BTC,Buy,3.6e-06,5000.0,0.018,3.6e-05,2018-09-01T04:46:04.7214857
68138923,6130,UBT/BTC,Buy,3.6e-06,2500.0,0.009,1.8e-05,2018-09-01T04:45:59.8785697
68138923,6130,UBT/BTC,Buy,3.6e-06,2500.0,0.009,1.8e-05,2018-09-01T04:45:59.8785697
68138913,6130,UBT/BTC,Buy,3.49e-06,263.77201236,0.00092056,1.84e-06,2018-09-01T04:45:38.0305594
68138747,6130,UBT/BTC,Buy,3.52e-06,5000.0,0.0176,3.52e-05,2018-09-01T04:41:11.7121721
68138747,6130,UBT/BTC,Buy,3.52e-06,5000.0,0.0176,3.52e-05,2018-09-01T04:41:11.7121721
68138745,6130,UBT/BTC,Buy,3.52e-06,2500.0,0.0088,1.76e-05,2018-09-01T04:41:08.3814029
68138745,6130,UBT/BTC,Buy,3.52e-06,2500.0,0.0088,1.76e-05,2018-09-01T04:41:08.3814029
68138715,6130,UBT/BTC,Buy,3.53e-06,5000.0,0.01765,3.53e-05,2018-09-01T04:40:46.5295096
68138715,6130,UBT/BTC,Buy,3.53e-06,5000.0,0.01765,3.53e-05,2018-09-01T04:40:46.5295096
68138701,6130,UBT/BTC,Buy,3.53e-06,2500.0,0.008825,1.765e-05,2018-09-01T04:40:40.6053046
68138701,6130,UBT/BTC,Buy,3.53e-06,2500.0,0.008825,1.765e-05,2018-09-01T04:40:40.6053046
68138617,6130,UBT/BTC,Buy,3.47e-06,5000.0,0.01735,3.47e-05,2018-09-01T04:39:01.3171952
68138617,6130,UBT/BTC,Buy,3.47e-06,5000.0,0.01735,3.47e-05,2018-09-01T04:39:01.3171952
68138611,6130,UBT/BTC,Buy,3.47e-06,2500.0,0.008675,1.735e-05,2018-09-01T04:38:52.8566304
68138611,6130,UBT/BTC,Buy,3.47e-06,2500.0,0.008675,1.735e-05,2018-09-01T04:38:52.8566304
68138501,6130,UBT/BTC,Buy,3.48e-06,5000.0,0.0174,3.48e-05,2018-09-01T04:36:39.4725848
68138501,6130,UBT/BTC,Buy,3.48e-06,5000.0,0.0174,3.48e-05,2018-09-01T04:36:39.4725848
68138499,6130,UBT/BTC,Buy,3.48e-06,2500.0,0.0087,1.74e-05,2018-09-01T04:36:32.4822147
68138499,6130,UBT/BTC,Buy,3.48e-06,2500.0,0.0087,1.74e-05,2018-09-01T04:36:32.4822147
68138431,6130,UBT/BTC,Sell,3.46e-06,288.44046012,0.000998,2e-06,2018-09-01T04:34:46.9849789
68138430,6130,UBT/BTC,Buy,3.46e-06,2500.0,0.00865,1.73e-05,2018-09-01T04:34:46.6099541
68138430,6130,UBT/BTC,Buy,3.46e-06,2500.0,0.00865,1.73e-05,2018-09-01T04:34:46.6099541
68138419,6130,UBT/BTC,Buy,3.37e-06,442.22297573,0.00149029,2.98e-06,2018-09-01T04:34:37.4779136
68138418,6130,UBT/BTC,Buy,3.37e-06,2500.0,0.008425,1.685e-05,2018-09-01T04:34:37.4779136
68138412,6130,UBT/BTC,Buy,3.45e-06,1410.85183322,0.00486744,9.73e-06,2018-09-01T04:34:15.651494
68138411,6130,UBT/BTC,Sell,3.46e-06,231.21387283,0.0008,1.6e-06,2018-09-01T04:34:12.9943536
68138360,6130,UBT/BTC,Sell,3.49e-06,1410.85164913,0.00492387,9.85e-06,2018-09-01T04:32:57.2750503
68138357,6130,UBT/BTC,Sell,3.49e-06,321.70283608,0.00112274,2.25e-06,2018-09-01T04:32:56.9781575
68138356,6130,UBT/BTC,Sell,3.49e-06,1089.14816678,0.00380113,7.6e-06,2018-09-01T04:32:56.9781575
68138355,6130,UBT/BTC,Sell,3.49e-06,1410.85183322,0.00492387,9.85e-06,2018-09-01T04:32:56.8375245
68138319,6130,UBT/BTC,Buy,3.5e-06,5000.0,0.0175,3.5e-05,2018-09-01T04:32:02.4597409
68138319,6130,UBT/BTC,Buy,3.5e-06,5000.0,0.0175,3.5e-05,2018-09-01T04:32:02.4597409
68138318,6130,UBT/BTC,Buy,3.49e-06,2500.0,0.008725,1.745e-05,2018-09-01T04:31:54.852832
68138318,6130,UBT/BTC,Buy,3.49e-06,2500.0,0.008725,1.745e-05,2018-09-01T04:31:54.852832
68137137,6130,UBT/BTC,Buy,3.42e-06,1165.18478006,0.00398493,7.97e-06,2018-09-01T04:04:50.5349068
68137136,6130,UBT/BTC,Buy,3.42e-06,1012.24201193,0.00346187,6.92e-06,2018-09-01T04:04:50.5349068
68137102,6130,UBT/BTC,Buy,3.16e-06,3987.75798807,0.01260132,2.52e-05,2018-09-01T04:04:02.702844
68137102,6130,UBT/BTC,Buy,3.16e-06,3987.75798807,0.01260132,2.52e-05,2018-09-01T04:04:02.702844
68137101,6130,UBT/BTC,Buy,3.16e-06,2177.42679199,0.00688067,1.376e-05,2018-09-01T04:04:01.1146781
68137101,6130,UBT/BTC,Buy,3.16e-06,2177.42679199,0.00688067,1.376e-05,2018-09-01T04:04:01.1146781
68137100,6130,UBT/BTC,Buy,3.16e-06,322.57320801,0.00101933,2.04e-06,2018-09-01T04:04:01.1146781
68137100,6130,UBT/BTC,Buy,3.16e-06,322.57320801,0.00101933,2.04e-06,2018-09-01T04:04:01.1146781
68137071,6130,UBT/BTC,Sell,3.16e-06,2177.42679199,0.00688067,1.376e-05,2018-09-01T04:02:58.4481525
68137042,6130,UBT/BTC,Buy,3.34e-06,5000.0,0.0167,3.34e-05,2018-09-01T04:02:06.7504262
68137042,6130,UBT/BTC,Buy,3.34e-06,5000.0,0.0167,3.34e-05,2018-09-01T04:02:06.7504262
68137041,6130,UBT/BTC,Buy,3.34e-06,2500.0,0.00835,1.67e-05,2018-09-01T04:02:06.7504262
68137041,6130,UBT/BTC,Buy,3.34e-06,2500.0,0.00835,1.67e-05,2018-09-01T04:02:06.7504262
68135891,6130,UBT/BTC,Buy,3.16e-06,5000.0,0.0158,3.16e-05,2018-09-01T03:34:14.7538658
68135891,6130,UBT/BTC,Buy,3.16e-06,5000.0,0.0158,3.16e-05,2018-09-01T03:34:14.7538658
68135889,6130,UBT/BTC,Buy,3.16e-06,2500.0,0.0079,1.58e-05,2018-09-01T03:34:12.1902215
68135889,6130,UBT/BTC,Buy,3.16e-06,2500.0,0.0079,1.58e-05,2018-09-01T03:34:12.1902215
68135840,6130,UBT/BTC,Buy,3.34e-06,5000.0,0.0167,3.34e-05,2018-09-01T03:32:26.7445257
68135840,6130,UBT/BTC,Buy,3.34e-06,5000.0,0.0167,3.34e-05,2018-09-01T03:32:26.7445257
68135836,6130,UBT/BTC,Buy,3.34e-06,2500.0,0.00835,1.67e-05,2018-09-01T03:32:25.0391658
68135836,6130,UBT/BTC,Buy,3.34e-06,2500.0,0.00835,1.67e-05,2018-09-01T03:32:25.0391658
68134052,6130,UBT/BTC,Buy,3.16e-06,2500.0,0.0079,1.58e-05,2018-09-01T03:03:20.0509376
68134052,6130,UBT/BTC,Buy,3.16e-06,2500.0,0.0079,1.58e-05,2018-09-01T03:03:20.0509376
68133859,6130,UBT/BTC,Buy,3.4e-06,359.02048099,0.00122067,2.44e-06,2018-09-01T03:00:03.4688814
68132867,6130,UBT/BTC,Buy,3.16e-06,2500.0,0.0079,1.58e-05,2018-09-01T02:33:23.0973399
68132867,6130,UBT/BTC,Buy,3.16e-06,2500.0,0.0079,1.58e-05,2018-09-01T02:33:23.0973399
68131957,6130,UBT/BTC,Buy,3.16e-06,2500.0,0.0079,1.58e-05,2018-09-01T02:03:38.8909185
68131957,6130,UBT/BTC,Buy,3.16e-06,2500.0,0.0079,1.58e-05,2018-09-01T02:03:38.8909185
68131885,6130,UBT/BTC,Buy,3.21e-06,5000.0,0.01605,3.21e-05,2018-09-01T02:02:00.986542
68131885,6130,UBT/BTC,Buy,3.21e-06,5000.0,0.01605,3.21e-05,2018-09-01T02:02:00.986542
68131879,6130,UBT/BTC,Buy,3.22e-06,2500.0,0.00805,1.61e-05,2018-09-01T02:01:47.018553
68131879,6130,UBT/BTC,Buy,3.22e-06,2500.0,0.00805,1.61e-05,2018-09-01T02:01:47.018553
68131644,6130,UBT/BTC,Buy,3.38e-06,2970.23809523,0.0100394,2.008e-05,2018-09-01T01:53:57.026015
68130824,6130,UBT/BTC,Buy,3.16e-06,2500.0,0.0079,1.58e-05,2018-09-01T01:33:48.3827711
68130824,6130,UBT/BTC,Buy,3.16e-06,2500.0,0.0079,1.58e-05,2018-09-01T01:33:48.3827711
68129532,6130,UBT/BTC,Buy,3.16e-06,7500.0,0.0237,4.74e-05,2018-09-01T01:03:27.7649385
68129532,6130,UBT/BTC,Buy,3.16e-06,7500.0,0.0237,4.74e-05,2018-09-01T01:03:27.7649385
68127724,6130,UBT/BTC,Buy,3.43e-06,232.55813953,0.00079767,1.6e-06,2018-09-01T00:31:52.6159597
68127724,6130,UBT/BTC,Buy,3.43e-06,232.55813953,0.00079767,1.6e-06,2018-09-01T00:31:52.6159597
68127695,6130,UBT/BTC,Buy,3.43e-06,5000.0,0.01715,3.43e-05,2018-09-01T00:31:46.7123017
68127695,6130,UBT/BTC,Buy,3.43e-06,5000.0,0.01715,3.43e-05,2018-09-01T00:31:46.7123017
68127689,6130,UBT/BTC,Buy,3.43e-06,2267.44186047,0.00777733,1.555e-05,2018-09-01T00:31:45.2456229
68127689,6130,UBT/BTC,Buy,3.43e-06,2267.44186047,0.00777733,1.555e-05,2018-09-01T00:31:45.2456229
68127688,6130,UBT/BTC,Sell,3.44e-06,232.55813953,0.0008,1.6e-06,2018-09-01T00:31:45.2456229
68125994,6130,UBT/BTC,Sell,3.5e-06,171.35443399,0.00059974,1.2e-06,2018-09-01T00:09:22.4689633
68115498,6130,UBT/BTC,Sell,3.46e-06,200.0,0.000692,1.38e-06,2018-08-31T20:51:38.3717441
68114686,6130,UBT/BTC,Sell,3.45e-06,150.0,0.0005175,1.04e-06,2018-08-31T20:35:57.049128
68107649,6130,UBT/BTC,Buy,3.16e-06,2500.0,0.0079,1.58e-05,2018-08-31T18:33:03.6724245
68107649,6130,UBT/BTC,Buy,3.16e-06,2500.0,0.0079,1.58e-05,2018-08-31T18:33:03.6724245
68107586,6130,UBT/BTC,Buy,3.17e-06,2500.0,0.007925,1.585e-05,2018-08-31T18:32:05.9534487
68107586,6130,UBT/BTC,Buy,3.17e-06,2500.0,0.007925,1.585e-05,2018-08-31T18:32:05.9534487
68107585,6130,UBT/BTC,Buy,3.17e-06,2500.0,0.007925,1.585e-05,2018-08-31T18:32:05.9534487
68107585,6130,UBT/BTC,Buy,3.17e-06,2500.0,0.007925,1.585e-05,2018-08-31T18:32:05.9534487
68107576,6130,UBT/BTC,Buy,3.17e-06,2500.0,0.007925,1.585e-05,2018-08-31T18:32:01.7552492
68107576,6130,UBT/BTC,Buy,3.17e-06,2500.0,0.007925,1.585e-05,2018-08-31T18:32:01.7552492
68105783,6130,UBT/BTC,Buy,3.16e-06,5000.0,0.0158,3.16e-05,2018-08-31T18:03:38.9002694
68105783,6130,UBT/BTC,Buy,3.16e-06,5000.0,0.0158,3.16e-05,2018-08-31T18:03:38.9002694
68105782,6130,UBT/BTC,Buy,3.16e-06,2500.0,0.0079,1.58e-05,2018-08-31T18:03:37.1079286
68105782,6130,UBT/BTC,Buy,3.16e-06,2500.0,0.0079,1.58e-05,2018-08-31T18:03:37.1079286
68105716,6130,UBT/BTC,Buy,3.17e-06,5000.0,0.01585,3.17e-05,2018-08-31T18:02:37.9149399
68105716,6130,UBT/BTC,Buy,3.17e-06,5000.0,0.01585,3.17e-05,2018-08-31T18:02:37.9149399
68105711,6130,UBT/BTC,Buy,3.18e-06,2249.21630094,0.00715251,1.431e-05,2018-08-31T18:02:33.1735534
68105711,6130,UBT/BTC,Buy,3.18e-06,2249.21630094,0.00715251,1.431e-05,2018-08-31T18:02:33.1735534
68105710,6130,UBT/BTC,Sell,3.19e-06,250.78369906,0.0008,1.6e-06,2018-08-31T18:02:33.1735534
68103982,6130,UBT/BTC,Buy,3.22e-06,2500.0,0.00805,1.61e-05,2018-08-31T17:33:24.8677989
68103982,6130,UBT/BTC,Buy,3.22e-06,2500.0,0.00805,1.61e-05,2018-08-31T17:33:24.8677989
68102332,6130,UBT/BTC,Buy,3.16e-06,2500.0,0.0079,1.58e-05,2018-08-31T17:03:39.8240684
68102332,6130,UBT/BTC,Buy,3.16e-06,2500.0,0.0079,1.58e-05,2018-08-31T17:03:39.8240684
68102317,6130,UBT/BTC,Buy,3.27e-06,5000.0,0.01635,3.27e-05,2018-08-31T17:03:31.7844469
68102317,6130,UBT/BTC,Buy,3.27e-06,5000.0,0.01635,3.27e-05,2018-08-31T17:03:31.7844469
68102298,6130,UBT/BTC,Buy,3.17e-06,2500.0,0.007925,1.585e-05,2018-08-31T17:03:17.1769821
68102298,6130,UBT/BTC,Buy,3.17e-06,2500.0,0.007925,1.585e-05,2018-08-31T17:03:17.1769821
68100214,6130,UBT/BTC,Buy,3.16e-06,2500.0,0.0079,1.58e-05,2018-08-31T16:33:31.3632286
68100214,6130,UBT/BTC,Buy,3.16e-06,2500.0,0.0079,1.58e-05,2018-08-31T16:33:31.3632286
68098805,6130,UBT/BTC,Buy,3.3e-06,5000.0,0.0165,3.3e-05,2018-08-31T16:16:59.6127385
68098805,6130,UBT/BTC,Buy,3.3e-06,5000.0,0.0165,3.3e-05,2018-08-31T16:16:59.6127385
68098803,6130,UBT/BTC,Buy,3.3e-06,2500.0,0.00825,1.65e-05,2018-08-31T16:16:55.6056853
68098803,6130,UBT/BTC,Buy,3.3e-06,2500.0,0.00825,1.65e-05,2018-08-31T16:16:55.6056853
68097637,6130,UBT/BTC,Buy,3.16e-06,5000.0,0.0158,3.16e-05,2018-08-31T16:03:08.8267689
68097637,6130,UBT/BTC,Buy,3.16e-06,5000.0,0.0158,3.16e-05,2018-08-31T16:03:08.8267689
68097051,6130,UBT/BTC,Buy,3.24e-06,384.57905617,0.00124604,2.49e-06,2018-08-31T15:55:03.336614
68097050,6130,UBT/BTC,Buy,3.24e-06,2500.0,0.0081,1.62e-05,2018-08-31T15:55:03.336614
68096114,6130,UBT/BTC,Sell,3.35e-06,4416.46557631,0.01479516,2.959e-05,2018-08-31T15:39:27.7721263
68096113,6130,UBT/BTC,Sell,3.35e-06,5000.0,0.01675,3.35e-05,2018-08-31T15:39:27.7721263
68096112,6130,UBT/BTC,Sell,3.34e-06,2500.0,0.00835,1.67e-05,2018-08-31T15:39:27.7721263
68095807,6130,UBT/BTC,Buy,3.22e-06,2500.0,0.00805,1.61e-05,2018-08-31T15:33:02.1928743
68095807,6130,UBT/BTC,Buy,3.22e-06,2500.0,0.00805,1.61e-05,2018-08-31T15:33:02.1928743
68094055,6130,UBT/BTC,Buy,3.16e-06,2500.0,0.0079,1.58e-05,2018-08-31T15:03:38.9664938
68094055,6130,UBT/BTC,Buy,3.16e-06,2500.0,0.0079,1.58e-05,2018-08-31T15:03:38.9664938
68093977,6130,UBT/BTC,Buy,3.22e-06,5000.0,0.0161,3.22e-05,2018-08-31T15:02:35.4291283
68093977,6130,UBT/BTC,Buy,3.22e-06,5000.0,0.0161,3.22e-05,2018-08-31T15:02:35.4291283
68093968,6130,UBT/BTC,Buy,3.22e-06,2500.0,0.00805,1.61e-05,2018-08-31T15:02:29.7148433
68093968,6130,UBT/BTC,Buy,3.22e-06,2500.0,0.00805,1.61e-05,2018-08-31T15:02:29.7148433
68092457,6130,UBT/BTC,Buy,3.22e-06,2500.0,0.00805,1.61e-05,2018-08-31T14:32:53.9185487
68092457,6130,UBT/BTC,Buy,3.22e-06,2500.0,0.00805,1.61e-05,2018-08-31T14:32:53.9185487
68089939,6130,UBT/BTC,Buy,3.16e-06,2500.0,0.0079,1.58e-05,2018-08-31T14:03:17.8400863
68089939,6130,UBT/BTC,Buy,3.16e-06,2500.0,0.0079,1.58e-05,2018-08-31T14:03:17.8400863
68089799,6130,UBT/BTC,Sell,3.16e-06,271.8990671,0.0008592,1.72e-06,2018-08-31T14:01:47.6098899
68088381,6130,UBT/BTC,Buy,3.28e-06,4140.95060243,0.01358232,2.716e-05,2018-08-31T13:34:06.0289061
68086607,6130,UBT/BTC,Sell,3.37e-06,153.22766929,0.00051638,1.03e-06,2018-08-31T12:45:20.7471198
68086412,6130,UBT/BTC,Sell,3.37e-06,222.39497267,0.00074947,1.5e-06,2018-08-31T12:40:58.9516977
68084126,6130,UBT/BTC,Sell,3.35e-06,1638.49018381,0.00548894,1.098e-05,2018-08-31T11:41:03.5394604
68084110,6130,UBT/BTC,Sell,3.35e-06,7500.0,0.025125,5.025e-05,2018-08-31T11:40:25.3224047
68084089,6130,UBT/BTC,Sell,3.37e-06,7500.0,0.025275,5.055e-05,2018-08-31T11:39:54.0728514
68084086,6130,UBT/BTC,Sell,3.37e-06,5000.0,0.01685,3.37e-05,2018-08-31T11:39:50.508703
68084073,6130,UBT/BTC,Sell,3.37e-06,2500.0,0.008425,1.685e-05,2018-08-31T11:39:40.430336
68083975,6130,UBT/BTC,Buy,3.36e-06,2500.0,0.0084,1.68e-05,2018-08-31T11:36:54.8730262
68083975,6130,UBT/BTC,Buy,3.36e-06,2500.0,0.0084,1.68e-05,2018-08-31T11:36:54.8730262
68083945,6130,UBT/BTC,Sell,3.35e-06,2500.0,0.008375,1.675e-05,2018-08-31T11:36:16.2464123
68083936,6130,UBT/BTC,Sell,3.33e-06,2500.0,0.008325,1.665e-05,2018-08-31T11:35:49.0684135
68082841,6130,UBT/BTC,Buy,3.35e-06,5000.0,0.01675,3.35e-05,2018-08-31T11:01:48.8726577
68082841,6130,UBT/BTC,Buy,3.35e-06,5000.0,0.01675,3.35e-05,2018-08-31T11:01:48.8726577
68082839,6130,UBT/BTC,Buy,3.35e-06,2500.0,0.008375,1.675e-05,2018-08-31T11:01:45.3295466
68082839,6130,UBT/BTC,Buy,3.35e-06,2500.0,0.008375,1.675e-05,2018-08-31T11:01:45.3295466
68081111,6130,UBT/BTC,Sell,3.32e-06,300.60361205,0.000998,2e-06,2018-08-31T10:21:58.8694777
68080559,6130,UBT/BTC,Sell,3.32e-06,2273.0832771,0.00754664,1.509e-05,2018-08-31T10:06:11.0955928
68080153,6130,UBT/BTC,Sell,3.32e-06,1506.02409639,0.005,1e-05,2018-08-31T09:56:09.2012959
68077740,6130,UBT/BTC,Buy,3.4e-06,2500.0,0.0085,1.7e-05,2018-08-31T09:03:24.6273133
68077740,6130,UBT/BTC,Buy,3.4e-06,2500.0,0.0085,1.7e-05,2018-08-31T09:03:24.6273133
68077739,6130,UBT/BTC,Buy,3.41e-06,2500.0,0.008525,1.705e-05,2018-08-31T09:03:24.6273133
68077739,6130,UBT/BTC,Buy,3.41e-06,2500.0,0.008525,1.705e-05,2018-08-31T09:03:24.6273133
68077736,6130,UBT/BTC,Buy,3.41e-06,2500.0,0.008525,1.705e-05,2018-08-31T09:03:22.2091529
68077736,6130,UBT/BTC,Buy,3.41e-06,2500.0,0.008525,1.705e-05,2018-08-31T09:03:22.2091529
68077428,6130,UBT/BTC,Sell,3.39e-06,474.6259693,0.00160898,3.22e-06,2018-08-31T08:53:11.5827774
68077427,6130,UBT/BTC,Sell,3.38e-06,2500.0,0.00845,1.69e-05,2018-08-31T08:53:11.5827774
68077409,6130,UBT/BTC,Sell,3.39e-06,5916.84772049,0.02005811,4.012e-05,2018-08-31T08:53:00.0507573
68077389,6130,UBT/BTC,Sell,3.39e-06,1583.15227951,0.00536689,1.073e-05,2018-08-31T08:52:38.3988845
68077388,6130,UBT/BTC,Sell,3.38e-06,5000.0,0.0169,3.38e-05,2018-08-31T08:52:38.3988845
68077387,6130,UBT/BTC,Sell,3.38e-06,2500.0,0.00845,1.69e-05,2018-08-31T08:52:38.3988845
68077345,6130,UBT/BTC,Sell,3.36e-06,2970.23809523,0.00998,1.996e-05,2018-08-31T08:51:39.0317467
68077268,6130,UBT/BTC,Sell,3.36e-06,384.57905617,0.00129219,2.58e-06,2018-08-31T08:48:54.8174786
68077267,6130,UBT/BTC,Sell,3.36e-06,2500.0,0.0084,1.68e-05,2018-08-31T08:48:54.8174786
68076760,6130,UBT/BTC,Sell,3.36e-06,7500.0,0.0252,5.04e-05,2018-08-31T08:40:15.5279766
68076759,6130,UBT/BTC,Sell,3.36e-06,5000.0,0.0168,3.36e-05,2018-08-31T08:40:15.5279766
68076758,6130,UBT/BTC,Sell,3.36e-06,2500.0,0.0084,1.68e-05,2018-08-31T08:40:15.5279766
68076652,6130,UBT/BTC,Sell,3.36e-06,600.0,0.002016,4.03e-06,2018-08-31T08:35:49.2538998
68076646,6130,UBT/BTC,Sell,3.36e-06,598.79940476,0.00201197,4.02e-06,2018-08-31T08:35:46.9331795
68076645,6130,UBT/BTC,Sell,3.36e-06,599.99940595,0.002016,4.03e-06,2018-08-31T08:35:46.7144144
68076458,6130,UBT/BTC,Buy,3.39e-06,5000.0,0.01695,3.39e-05,2018-08-31T08:32:34.9434221
68076458,6130,UBT/BTC,Buy,3.39e-06,5000.0,0.01695,3.39e-05,2018-08-31T08:32:34.9434221
68076444,6130,UBT/BTC,Buy,3.4e-06,2500.0,0.0085,1.7e-05,2018-08-31T08:32:24.3382004
68076444,6130,UBT/BTC,Buy,3.4e-06,2500.0,0.0085,1.7e-05,2018-08-31T08:32:24.3382004
68074947,6130,UBT/BTC,Sell,3.45e-06,3000.0,0.01035,2.07e-05,2018-08-31T07:57:20.6730453
68073168,6130,UBT/BTC,Sell,3.48e-06,157.72988505,0.0005489,1.1e-06,2018-08-31T07:04:19.3984802
68071559,6130,UBT/BTC,Buy,3.46e-06,5000.0,0.0173,3.46e-05,2018-08-31T06:29:09.9842524
68071559,6130,UBT/BTC,Buy,3.46e-06,5000.0,0.0173,3.46e-05,2018-08-31T06:29:09.9842524
68071556,6130,UBT/BTC,Buy,3.46e-06,2500.0,0.00865,1.73e-05,2018-08-31T06:29:05.2967126
68071556,6130,UBT/BTC,Buy,3.46e-06,2500.0,0.00865,1.73e-05,2018-08-31T06:29:05.2967126
68064860,6130,UBT/BTC,Sell,3.57e-06,205.31444114,0.00073297,1.47e-06,2018-08-31T04:28:14.4284313
68058536,6130,UBT/BTC,Sell,3.57e-06,464.10540264,0.00165686,3.31e-06,2018-08-31T01:38:00.8458474
68057954,6130,UBT/BTC,Sell,3.57e-06,1536.44,0.00548509,1.097e-05,2018-08-31T01:24:26.16033
68057953,6130,UBT/BTC,Sell,3.57e-06,2500.0,0.008925,1.785e-05,2018-08-31T01:24:26.16033
68057882,6130,UBT/BTC,Sell,3.59e-06,7500.0,0.026925,5.385e-05,2018-08-31T01:22:08.6005122
68057881,6130,UBT/BTC,Sell,3.59e-06,5000.0,0.01795,3.59e-05,2018-08-31T01:22:08.6005122
68057880,6130,UBT/BTC,Sell,3.59e-06,2500.0,0.008975,1.795e-05,2018-08-31T01:22:08.6005122
68052655,6130,UBT/BTC,Sell,3.59e-06,320.06182621,0.00114902,2.3e-06,2018-08-30T23:22:25.8363443
68052654,6130,UBT/BTC,Sell,3.59e-06,320.0604485,0.00114902,2.3e-06,2018-08-30T23:22:25.7425886
68052652,6130,UBT/BTC,Sell,3.59e-06,320.0604485,0.00114902,2.3e-06,2018-08-30T23:22:25.469916
68052343,6130,UBT/BTC,Sell,3.59e-06,277.99554095,0.000998,2e-06,2018-08-30T23:16:07.2250369
68050772,6130,UBT/BTC,Sell,3.58e-06,7500.0,0.02685,5.37e-05,2018-08-30T22:32:07.5928757
68050764,6130,UBT/BTC,Sell,3.58e-06,7500.0,0.02685,5.37e-05,2018-08-30T22:31:50.4661081
68050761,6130,UBT/BTC,Sell,3.58e-06,5000.0,0.0179,3.58e-05,2018-08-30T22:31:46.1500362
68050760,6130,UBT/BTC,Sell,3.58e-06,2500.0,0.00895,1.79e-05,2018-08-30T22:31:44.1771054
68048216,6130,UBT/BTC,Sell,3.59e-06,642.1696996,0.00230539,4.61e-06,2018-08-30T21:13:39.6046878
68042498,6130,UBT/BTC,Sell,3.59e-06,7500.0,0.026925,5.385e-05,2018-08-30T19:15:26.8438854
68042497,6130,UBT/BTC,Sell,3.59e-06,5000.0,0.01795,3.59e-05,2018-08-30T19:15:26.8438854
68042496,6130,UBT/BTC,Sell,3.59e-06,2319.04509284,0.00832537,1.665e-05,2018-08-30T19:15:26.8438854
68042493,6130,UBT/BTC,Sell,3.59e-06,180.95490716,0.00064963,1.3e-06,2018-08-30T19:15:18.7495428
68042487,6130,UBT/BTC,Sell,3.59e-06,7500.0,0.026925,5.385e-05,2018-08-30T19:15:10.347461
68042486,6130,UBT/BTC,Sell,3.59e-06,5000.0,0.01795,3.59e-05,2018-08-30T19:15:10.3318344
68042485,6130,UBT/BTC,Sell,3.59e-06,2500.0,0.008975,1.795e-05,2018-08-30T19:15:10.3318344
68041116,6130,UBT/BTC,Sell,3.59e-06,2000.0,0.00718,1.436e-05,2018-08-30T18:54:59.4873998
68041115,6130,UBT/BTC,Sell,3.59e-06,5000.0,0.01795,3.59e-05,2018-08-30T18:54:59.4873998
68040410,6130,UBT/BTC,Sell,3.59e-06,2500.0,0.008975,1.795e-05,2018-08-30T18:32:41.3255651
68038080,6130,UBT/BTC,Sell,3.59e-06,2156.94794255,0.00774344,1.549e-05,2018-08-30T17:36:33.6508746
68038043,6130,UBT/BTC,Sell,3.59e-06,177.80993957,0.00063834,1.28e-06,2018-08-30T17:35:59.7120157
68038039,6130,UBT/BTC,Sell,3.59e-06,837.45575535,0.00300647,6.01e-06,2018-08-30T17:35:56.9183762
68038037,6130,UBT/BTC,Sell,3.59e-06,5000.0,0.01795,3.59e-05,2018-08-30T17:35:56.376844
68038034,6130,UBT/BTC,Sell,3.59e-06,2500.0,0.008975,1.795e-05,2018-08-30T17:35:50.1511509
68037897,6130,UBT/BTC,Sell,3.82e-06,523.56020942,0.002,4e-06,2018-08-30T17:32:13.4287996
68037896,6130,UBT/BTC,Sell,3.98e-06,1357.62896317,0.00540336,1.081e-05,2018-08-30T17:32:13.4287996
68037887,6130,UBT/BTC,Buy,3.96e-06,2500.0,0.0099,1.98e-05,2018-08-30T17:32:05.8275642
68037887,6130,UBT/BTC,Buy,3.96e-06,2500.0,0.0099,1.98e-05,2018-08-30T17:32:05.8275642
68037886,6130,UBT/BTC,Buy,3.96e-06,2500.0,0.0099,1.98e-05,2018-08-30T17:32:05.8275642
68037886,6130,UBT/BTC,Buy,3.96e-06,2500.0,0.0099,1.98e-05,2018-08-30T17:32:05.8275642
68037880,6130,UBT/BTC,Buy,3.96e-06,2500.0,0.0099,1.98e-05,2018-08-30T17:32:02.5998243
68037880,6130,UBT/BTC,Buy,3.96e-06,2500.0,0.0099,1.98e-05,2018-08-30T17:32:02.5998243
68035391,6130,UBT/BTC,Sell,3.59e-06,165.4205568,0.00059386,1.19e-06,2018-08-30T16:49:10.2745451
68035390,6130,UBT/BTC,Sell,3.59e-06,176.71064556,0.00063439,1.27e-06,2018-08-30T16:49:10.2120398
68033748,6130,UBT/BTC,Sell,3.59e-06,205.0482289,0.00073612,1.47e-06,2018-08-30T16:08:38.6350161
68033516,6130,UBT/BTC,Sell,3.59e-06,429.96833226,0.00154359,3.09e-06,2018-08-30T16:03:13.7595636
68033515,6130,UBT/BTC,Sell,3.59e-06,429.96736332,0.00154358,3.09e-06,2018-08-30T16:03:13.5803818
68033423,6130,UBT/BTC,Sell,3.59e-06,783.58539769,0.00281307,5.63e-06,2018-08-30T16:01:48.7148901
68032012,6130,UBT/BTC,Sell,3.59e-06,1168.74651811,0.0041958,8.39e-06,2018-08-30T15:31:45.7512282
68030934,6130,UBT/BTC,Sell,3.59e-06,979.97320123,0.0035181,7.04e-06,2018-08-30T15:05:10.9942103
68030933,6130,UBT/BTC,Sell,3.59e-06,2500.0,0.008975,1.795e-05,2018-08-30T15:05:10.9942103
68030313,6130,UBT/BTC,Sell,3.59e-06,143.10654457,0.00051375,1.03e-06,2018-08-30T14:52:20.140289
68030312,6130,UBT/BTC,Sell,3.59e-06,5000.0,0.01795,3.59e-05,2018-08-30T14:52:20.140289
68030311,6130,UBT/BTC,Sell,3.59e-06,2500.0,0.008975,1.795e-05,2018-08-30T14:52:20.140289
68029160,6130,UBT/BTC,Sell,3.59e-06,167.91277653,0.00060281,1.21e-06,2018-08-30T14:25:07.5136874
68029135,6130,UBT/BTC,Sell,3.59e-06,167.91208669,0.0006028,1.21e-06,2018-08-30T14:24:26.4889079
68029134,6130,UBT/BTC,Sell,3.59e-06,167.91277653,0.00060281,1.21e-06,2018-08-30T14:24:26.4420239
68023608,6130,UBT/BTC,Sell,3.59e-06,1127.93076799,0.00404927,8.1e-06,2018-08-30T12:16:58.2042679
68021905,6130,UBT/BTC,Sell,3.59e-06,2438.85488077,0.00875549,1.751e-05,2018-08-30T11:34:56.8982089
68003124,6130,UBT/BTC,Sell,3.59e-06,2329.60263317,0.00836327,1.673e-05,2018-08-30T05:50:13.3044961
67999013,6130,UBT/BTC,Sell,3.59e-06,1709.62531761,0.00613755,1.228e-05,2018-08-30T04:51:36.3089459
67999012,6130,UBT/BTC,Sell,3.59e-06,5000.0,0.01795,3.59e-05,2018-08-30T04:51:36.3089459
67999011,6130,UBT/BTC,Sell,3.59e-06,2500.0,0.008975,1.795e-05,2018-08-30T04:51:36.3089459
67997261,6130,UBT/BTC,Sell,3.59e-06,1798.33925464,0.00645604,1.291e-05,2018-08-30T04:19:38.2363731
67997260,6130,UBT/BTC,Sell,3.59e-06,5000.0,0.01795,3.59e-05,2018-08-30T04:19:38.2363731
67997259,6130,UBT/BTC,Sell,3.59e-06,2500.0,0.008975,1.795e-05,2018-08-30T04:19:38.2363731
67990291,6130,UBT/BTC,Sell,3.59e-06,532.18076381,0.00191053,3.82e-06,2018-08-30T00:32:59.7340164
67990290,6130,UBT/BTC,Sell,3.59e-06,4595.65826565,0.01649841,3.3e-05,2018-08-30T00:32:59.7340164
67990285,6130,UBT/BTC,Sell,3.59e-06,2904.34173435,0.01042659,2.085e-05,2018-08-30T00:32:42.9199743
67990284,6130,UBT/BTC,Sell,3.59e-06,2272.89432278,0.00815969,1.632e-05,2018-08-30T00:32:42.9199743
67990272,6130,UBT/BTC,Sell,3.59e-06,2727.10567722,0.00979031,1.958e-05,2018-08-30T00:32:08.3425097
67990271,6130,UBT/BTC,Sell,3.59e-06,2500.0,0.008975,1.795e-05,2018-08-30T00:32:08.3425097
67990252,6130,UBT/BTC,Sell,3.59e-06,1934.91005425,0.00694633,1.389e-05,2018-08-30T00:30:52.9676808
67990251,6130,UBT/BTC,Sell,3.59e-06,2500.0,0.008975,1.795e-05,2018-08-30T00:30:52.9676808
67983001,6130,UBT/BTC,Sell,3.59e-06,1740.20903641,0.00624735,1.249e-05,2018-08-29T20:55:18.5862139
67966377,6130,UBT/BTC,Sell,3.65e-06,0.85520419,3.12e-06,1e-08,2018-08-29T14:50:06.7609846
67963619,6130,UBT/BTC,Sell,3.65e-06,7499.14479581,0.02737188,5.474e-05,2018-08-29T13:58:13.563897
67963618,6130,UBT/BTC,Sell,3.63e-06,190.85520419,0.0006928,1.39e-06,2018-08-29T13:58:13.563897
67956480,6130,UBT/BTC,Sell,3.57e-06,5000.0,0.01785,3.57e-05,2018-08-29T11:24:36.4043167
67954181,6130,UBT/BTC,Sell,3.55e-06,2500.0,0.008875,1.775e-05,2018-08-29T10:35:07.4385535
67954125,6130,UBT/BTC,Sell,3.57e-06,2500.0,0.008925,1.785e-05,2018-08-29T10:34:03.5342981
67953852,6130,UBT/BTC,Sell,3.63e-06,4809.14479581,0.0174572,3.491e-05,2018-08-29T10:29:22.6180867
67953851,6130,UBT/BTC,Sell,3.61e-06,2500.0,0.009025,1.805e-05,2018-08-29T10:29:22.6180867
67953697,6130,UBT/BTC,Sell,3.74e-06,2145.06260389,0.00802253,1.605e-05,2018-08-29T10:25:41.2243158
67953696,6130,UBT/BTC,Sell,3.73e-06,2500.0,0.009325,1.865e-05,2018-08-29T10:25:41.2243158
67953624,6130,UBT/BTC,Buy,3.64e-06,5000.0,0.0182,3.64e-05,2018-08-29T10:24:46.9437055
67953623,6130,UBT/BTC,Buy,3.64e-06,1613.49819605,0.00587313,1.175e-05,2018-08-29T10:24:46.9437055
67952821,6130,UBT/BTC,Buy,3.64e-06,886.50180395,0.00322687,6.45e-06,2018-08-29T10:11:19.8208804
67952450,6130,UBT/BTC,Buy,3.99e-06,2500.0,0.009975,1.995e-05,2018-08-29T10:03:33.1909853
67952450,6130,UBT/BTC,Buy,3.99e-06,2500.0,0.009975,1.995e-05,2018-08-29T10:03:33.1909853
67952438,6130,UBT/BTC,Buy,3.99e-06,5000.0,0.01995,3.99e-05,2018-08-29T10:03:24.9024445
67952436,6130,UBT/BTC,Buy,3.99e-06,2500.0,0.009975,1.995e-05,2018-08-29T10:03:24.761808
67952429,6130,UBT/BTC,Buy,3.99e-06,2500.0,0.009975,1.995e-05,2018-08-29T10:03:13.9769819
67952416,6130,UBT/BTC,Buy,3.97e-06,4748.74371859,0.01885251,3.771e-05,2018-08-29T10:02:43.7604075
67952415,6130,UBT/BTC,Buy,3.98e-06,5000.0,0.0199,3.98e-05,2018-08-29T10:02:43.7604075
67952396,6130,UBT/BTC,Buy,3.97e-06,7500.0,0.029775,5.955e-05,2018-08-29T10:02:30.4060003
67952395,6130,UBT/BTC,Buy,3.98e-06,2500.0,0.00995,1.99e-05,2018-08-29T10:02:30.4060003
67952386,6130,UBT/BTC,Buy,3.77e-06,2500.0,0.009425,1.885e-05,2018-08-29T10:02:23.3702395
67952381,6130,UBT/BTC,Buy,3.77e-06,2500.0,0.009425,1.885e-05,2018-08-29T10:02:17.8000882
67952377,6130,UBT/BTC,Buy,4.02e-06,5000.0,0.0201,4.02e-05,2018-08-29T10:02:16.4250476
67952375,6130,UBT/BTC,Buy,3.7e-06,2500.0,0.00925,1.85e-05,2018-08-29T10:02:10.4590778
67952364,6130,UBT/BTC,Buy,3.7e-06,7500.0,0.02775,5.55e-05,2018-08-29T10:02:02.4664584
67952354,6130,UBT/BTC,Buy,3.62e-06,5000.0,0.0181,3.62e-05,2018-08-29T10:01:56.8120039
67952354,6130,UBT/BTC,Buy,3.62e-06,5000.0,0.0181,3.62e-05,2018-08-29T10:01:56.8120039
67952338,6130,UBT/BTC,Buy,3.62e-06,2500.0,0.00905,1.81e-05,2018-08-29T10:01:49.6137736
67952338,6130,UBT/BTC,Buy,3.62e-06,2500.0,0.00905,1.81e-05,2018-08-29T10:01:49.6137736
67952283,6130,UBT/BTC,Buy,3.7e-06,2676.99999223,0.0099049,1.981e-05,2018-08-29T10:00:58.1753607
67952282,6130,UBT/BTC,Buy,3.67e-06,4823.00000777,0.01770041,3.54e-05,2018-08-29T10:00:58.1753607
67952274,6130,UBT/BTC,Buy,3.7e-06,7500.0,0.02775,5.55e-05,2018-08-29T10:00:50.7645812
67952270,6130,UBT/BTC,Buy,3.58e-06,5000.0,0.0179,3.58e-05,2018-08-29T10:00:45.2346412
67952270,6130,UBT/BTC,Buy,3.58e-06,5000.0,0.0179,3.58e-05,2018-08-29T10:00:45.2346412
67952269,6130,UBT/BTC,Buy,3.57e-06,2500.0,0.008925,1.785e-05,2018-08-29T10:00:39.775403
67952269,6130,UBT/BTC,Buy,3.57e-06,2500.0,0.008925,1.785e-05,2018-08-29T10:00:39.775403
67951767,6130,UBT/BTC,Buy,3.72e-06,2156.68378343,0.00802286,1.605e-05,2018-08-29T09:53:01.2268027
67950892,6130,UBT/BTC,Buy,3.72e-06,5000.0,0.0186,3.72e-05,2018-08-29T09:42:30.0324421
67950892,6130,UBT/BTC,Buy,3.72e-06,5000.0,0.0186,3.72e-05,2018-08-29T09:42:30.0324421
67950873,6130,UBT/BTC,Buy,3.72e-06,343.31621657,0.00127714,2.55e-06,2018-08-29T09:42:21.1363426
67950873,6130,UBT/BTC,Buy,3.72e-06,343.31621657,0.00127714,2.55e-06,2018-08-29T09:42:21.1363426
67950872,6130,UBT/BTC,Buy,3.73e-06,2156.68378343,0.00804443,1.609e-05,2018-08-29T09:42:21.1363426
67950872,6130,UBT/BTC,Buy,3.73e-06,2156.68378343,0.00804443,1.609e-05,2018-08-29T09:42:21.1363426
67950862,6130,UBT/BTC,Buy,3.73e-06,2843.31621657,0.01060557,2.121e-05,2018-08-29T09:42:14.2108661
67950854,6130,UBT/BTC,Buy,3.72e-06,2958.49999445,0.01100562,2.201e-05,2018-08-29T09:41:58.6938883
67950854,6130,UBT/BTC,Buy,3.72e-06,2958.49999445,0.01100562,2.201e-05,2018-08-29T09:41:58.6938883
67950853,6130,UBT/BTC,Buy,3.7e-06,2041.50000555,0.00755355,1.511e-05,2018-08-29T09:41:58.6938883
67950850,6130,UBT/BTC,Buy,3.7e-06,2500.0,0.00925,1.85e-05,2018-08-29T09:41:51.8163288
67950324,6130,UBT/BTC,Buy,3.64e-06,5000.0,0.0182,3.64e-05,2018-08-29T09:33:23.4505015
67950324,6130,UBT/BTC,Buy,3.64e-06,5000.0,0.0182,3.64e-05,2018-08-29T09:33:23.4505015
67950323,6130,UBT/BTC,Buy,3.63e-06,2500.0,0.009075,1.815e-05,2018-08-29T09:33:23.4505015
67950323,6130,UBT/BTC,Buy,3.63e-06,2500.0,0.009075,1.815e-05,2018-08-29T09:33:23.4505015
67950318,6130,UBT/BTC,Buy,3.64e-06,2500.0,0.0091,1.82e-05,2018-08-29T09:33:19.9746163
67950318,6130,UBT/BTC,Buy,3.64e-06,2500.0,0.0091,1.82e-05,2018-08-29T09:33:19.9746163
67950317,6130,UBT/BTC,Buy,3.64e-06,5000.0,0.0182,3.64e-05,2018-08-29T09:33:19.9746163
67950317,6130,UBT/BTC,Buy,3.64e-06,5000.0,0.0182,3.64e-05,2018-08-29T09:33:19.9746163
67950293,6130,UBT/BTC,Buy,3.64e-06,2500.0,0.0091,1.82e-05,2018-08-29T09:33:00.7485469
67950293,6130,UBT/BTC,Buy,3.64e-06,2500.0,0.0091,1.82e-05,2018-08-29T09:33:00.7485469
67950292,6130,UBT/BTC,Buy,3.63e-06,2500.0,0.009075,1.815e-05,2018-08-29T09:33:00.7485469
67950292,6130,UBT/BTC,Buy,3.63e-06,2500.0,0.009075,1.815e-05,2018-08-29T09:33:00.7485469
67950278,6130,UBT/BTC,Buy,3.64e-06,2329.05982906,0.00847778,1.696e-05,2018-08-29T09:32:40.9032545
67950278,6130,UBT/BTC,Buy,3.64e-06,2329.05982906,0.00847778,1.696e-05,2018-08-29T09:32:40.9032545
67950277,6130,UBT/BTC,Buy,3.63e-06,170.94017094,0.00062051,1.24e-06,2018-08-29T09:32:40.9032545
67949420,6130,UBT/BTC,Buy,3.4e-06,3340.6309885,0.01135815,2.272e-05,2018-08-29T09:18:21.6774747
67949419,6130,UBT/BTC,Buy,3.41e-06,2500.0,0.008525,1.705e-05,2018-08-29T09:18:21.6774747
67947734,6130,UBT/BTC,Sell,3.47e-06,7156.68378343,0.02483369,4.967e-05,2018-08-29T08:38:49.3941648
67947704,6130,UBT/BTC,Sell,3.47e-06,343.31621657,0.00119131,2.38e-06,2018-08-29T08:37:31.3004633
67947703,6130,UBT/BTC,Sell,3.46e-06,2500.0,0.00865,1.73e-05,2018-08-29T08:37:31.3004633
67947549,6130,UBT/BTC,Buy,3.45e-06,2500.0,0.008625,1.725e-05,2018-08-29T08:33:13.6379485
67947544,6130,UBT/BTC,Buy,3.45e-06,5000.0,0.01725,3.45e-05,2018-08-29T08:33:00.4636098
67947512,6130,UBT/BTC,Buy,3.46e-06,2500.0,0.00865,1.73e-05,2018-08-29T08:32:16.0434057
67947507,6130,UBT/BTC,Buy,3.45e-06,7500.0,0.025875,5.175e-05,2018-08-29T08:32:03.3881733
67947506,6130,UBT/BTC,Buy,3.45e-06,2500.0,0.008625,1.725e-05,2018-08-29T08:32:03.3881733
67947502,6130,UBT/BTC,Buy,3.45e-06,2500.0,0.008625,1.725e-05,2018-08-29T08:31:56.0851564
67947501,6130,UBT/BTC,Buy,3.46e-06,2500.0,0.00865,1.73e-05,2018-08-29T08:31:56.0851564
67945669,6130,UBT/BTC,Sell,3.46e-06,245.12933787,0.00084815,1.7e-06,2018-08-29T07:57:11.3309218
67938585,6130,UBT/BTC,Sell,3.48e-06,851.75912543,0.00296412,5.93e-06,2018-08-29T05:00:23.9462292
67935017,6130,UBT/BTC,Sell,3.53e-06,1183.42411223,0.00417749,8.35e-06,2018-08-29T03:13:19.4580669
67934604,6130,UBT/BTC,Sell,3.53e-06,1316.57588777,0.00464751,9.3e-06,2018-08-29T03:07:35.1309368
67934361,6130,UBT/BTC,Sell,3.51e-06,2500.0,0.008775,1.755e-05,2018-08-29T03:03:56.9040573
67933147,6130,UBT/BTC,Sell,3.69e-06,828.80800915,0.0030583,6.12e-06,2018-08-29T02:35:06.8603297
67933135,6130,UBT/BTC,Sell,3.7e-06,1000.0,0.0037,7.4e-06,2018-08-29T02:34:57.6454413
67933134,6130,UBT/BTC,Sell,3.7e-06,510.74481132,0.00188976,3.78e-06,2018-08-29T02:34:57.5349075
67912892,6130,UBT/BTC,Sell,3.54e-06,7500.0,0.02655,5.31e-05,2018-08-28T19:10:39.2823373
67912857,6130,UBT/BTC,Sell,3.53e-06,7500.0,0.026475,5.295e-05,2018-08-28T19:10:15.5782281
67912856,6130,UBT/BTC,Sell,3.53e-06,5000.0,0.01765,3.53e-05,2018-08-28T19:10:15.5782281
67912835,6130,UBT/BTC,Sell,3.52e-06,2500.0,0.0088,1.76e-05,2018-08-28T19:09:44.5507066
67912464,6130,UBT/BTC,Buy,3.4e-06,4886.50655499,0.01661412,3.323e-05,2018-08-28T19:02:22.8721621
67912463,6130,UBT/BTC,Buy,3.4e-06,2500.0,0.0085,1.7e-05,2018-08-28T19:02:22.8721621
67912430,6130,UBT/BTC,Buy,3.62e-06,7500.0,0.02715,5.43e-05,2018-08-28T19:01:36.4710002
67912425,6130,UBT/BTC,Buy,3.62e-06,7500.0,0.02715,5.43e-05,2018-08-28T19:01:22.8497563
67900444,6130,UBT/BTC,Sell,3.6e-06,5788.54044269,0.02083875,4.168e-05,2018-08-28T15:10:37.5457155
67900443,6130,UBT/BTC,Sell,3.6e-06,3859.02696179,0.0138925,2.778e-05,2018-08-28T15:10:37.5457155
67898542,6130,UBT/BTC,Sell,3.6e-06,250.0,0.0009,1.8e-06,2018-08-28T14:39:25.946541
67898222,6130,UBT/BTC,Sell,3.6e-06,1658.4386782,0.00597038,1.194e-05,2018-08-28T14:33:46.4924731
67898221,6130,UBT/BTC,Sell,3.6e-06,2500.0,0.009,1.8e-05,2018-08-28T14:33:46.4924731
67897858,6130,UBT/BTC,Sell,3.57e-06,5000.0,0.01785,3.57e-05,2018-08-28T14:29:47.7252338
67897857,6130,UBT/BTC,Sell,3.57e-06,2500.0,0.008925,1.785e-05,2018-08-28T14:29:47.7252338
67892094,6130,UBT/BTC,Buy,3.41e-06,1199.3904033,0.00408992,8.18e-06,2018-08-28T12:41:26.2845033
67891740,6130,UBT/BTC,Sell,3.9e-06,1176.15282256,0.004587,9.17e-06,2018-08-28T12:32:19.0722138
67891739,6130,UBT/BTC,Sell,3.9e-06,4781.83811003,0.01864917,3.73e-05,2018-08-28T12:32:19.0722138
67891738,6130,UBT/BTC,Sell,3.91e-06,478.19509782,0.00186974,3.74e-06,2018-08-28T12:32:19.0722138
67891737,6130,UBT/BTC,Sell,3.92e-06,1900.19960079,0.00744878,1.49e-05,2018-08-28T12:32:19.0722138
67891696,6130,UBT/BTC,Buy,3.96e-06,5000.0,0.0198,3.96e-05,2018-08-28T12:31:32.6768235
67891696,6130,UBT/BTC,Buy,3.96e-06,5000.0,0.0198,3.96e-05,2018-08-28T12:31:32.6768235
67891685,6130,UBT/BTC,Buy,3.96e-06,2500.0,0.0099,1.98e-05,2018-08-28T12:31:19.1289659
67891685,6130,UBT/BTC,Buy,3.96e-06,2500.0,0.0099,1.98e-05,2018-08-28T12:31:19.1289659
67890848,6130,UBT/BTC,Sell,3.9e-06,3833.5422166,0.01495081,2.99e-05,2018-08-28T12:11:28.9993218
67887340,6130,UBT/BTC,Sell,3.37e-06,3136.53454084,0.01057012,2.114e-05,2018-08-28T10:58:06.4812528
67885788,6130,UBT/BTC,Sell,3.41e-06,1592.21732488,0.00542946,1.086e-05,2018-08-28T10:20:31.0777274
67885422,6130,UBT/BTC,Buy,3.4e-06,2568.68822469,0.00873354,1.747e-05,2018-08-28T10:11:35.0011187
67885422,6130,UBT/BTC,Buy,3.4e-06,2568.68822469,0.00873354,1.747e-05,2018-08-28T10:11:35.0011187
67884748,6130,UBT/BTC,Sell,3.37e-06,4741.0,0.01597717,3.195e-05,2018-08-28T09:57:09.069465
67884647,6130,UBT/BTC,Sell,3.37e-06,7500.0,0.025275,5.055e-05,2018-08-28T09:55:20.9175657
67884646,6130,UBT/BTC,Sell,3.37e-06,5000.0,0.01685,3.37e-05,2018-08-28T09:55:20.9175657
67884526,6130,UBT/BTC,Sell,3.36e-06,2500.0,0.0084,1.68e-05,2018-08-28T09:53:06.5160485
67884525,6130,UBT/BTC,Sell,3.36e-06,7500.0,0.0252,5.04e-05,2018-08-28T09:53:06.5160485
67884524,6130,UBT/BTC,Sell,3.36e-06,5000.0,0.0168,3.36e-05,2018-08-28T09:53:06.5160485
67884493,6130,UBT/BTC,Sell,3.36e-06,7500.0,0.0252,5.04e-05,2018-08-28T09:52:06.7906466
67884492,6130,UBT/BTC,Sell,3.36e-06,5000.0,0.0168,3.36e-05,2018-08-28T09:52:06.7906466
67884491,6130,UBT/BTC,Sell,3.35e-06,2500.0,0.008375,1.675e-05,2018-08-28T09:52:06.7906466
67884431,6130,UBT/BTC,Sell,3.36e-06,5000.0,0.0168,3.36e-05,2018-08-28T09:51:06.0553184
67884430,6130,UBT/BTC,Sell,3.35e-06,2500.0,0.008375,1.675e-05,2018-08-28T09:51:06.0553184
67884404,6130,UBT/BTC,Sell,3.36e-06,5000.0,0.0168,3.36e-05,2018-08-28T09:50:09.2968212
67884403,6130,UBT/BTC,Sell,3.35e-06,2500.0,0.008375,1.675e-05,2018-08-28T09:50:09.2968212
67884357,6130,UBT/BTC,Sell,3.36e-06,7500.0,0.0252,5.04e-05,2018-08-28T09:48:58.2849538
67884356,6130,UBT/BTC,Sell,3.35e-06,2500.0,0.008375,1.675e-05,2018-08-28T09:48:58.2849538
67884355,6130,UBT/BTC,Sell,3.35e-06,5000.0,0.01675,3.35e-05,2018-08-28T09:48:58.2849538
67884251,6130,UBT/BTC,Sell,3.36e-06,4999.74698364,0.01679915,3.36e-05,2018-08-28T09:46:28.4307239
67884250,6130,UBT/BTC,Sell,3.36e-06,7500.0,0.0252,5.04e-05,2018-08-28T09:46:28.4307239
67884249,6130,UBT/BTC,Sell,3.35e-06,2321.25301636,0.0077762,1.555e-05,2018-08-28T09:46:28.4307239
67884182,6130,UBT/BTC,Sell,3.35e-06,178.74698364,0.0005988,1.2e-06,2018-08-28T09:44:19.2732411
67884166,6130,UBT/BTC,Sell,3.36e-06,7500.0,0.0252,5.04e-05,2018-08-28T09:43:33.7933913
67884165,6130,UBT/BTC,Sell,3.35e-06,5000.0,0.01675,3.35e-05,2018-08-28T09:43:33.7933913
67884164,6130,UBT/BTC,Sell,3.35e-06,2500.0,0.008375,1.675e-05,2018-08-28T09:43:33.7933913
67883500,6130,UBT/BTC,Sell,3.45e-06,320.45184992,0.00110556,2.21e-06,2018-08-28T09:25:23.9849298
67883120,6130,UBT/BTC,Sell,3.45e-06,4107.99849576,0.01417259,2.835e-05,2018-08-28T09:13:52.6320821
67882877,6130,UBT/BTC,Sell,3.47e-06,7500.0,0.026025,5.205e-05,2018-08-28T09:08:47.8858345
67882876,6130,UBT/BTC,Sell,3.47e-06,2500.0,0.008675,1.735e-05,2018-08-28T09:08:47.8858345
67882875,6130,UBT/BTC,Sell,3.46e-06,5000.0,0.0173,3.46e-05,2018-08-28T09:08:41.7690625
67882870,6130,UBT/BTC,Sell,3.46e-06,5000.0,0.0173,3.46e-05,2018-08-28T09:08:23.9386509
67882266,6130,UBT/BTC,Sell,3.55e-06,1776.02260268,0.00630488,1.261e-05,2018-08-28T08:46:43.5296442
67881521,6130,UBT/BTC,Sell,3.55e-06,408.08804925,0.00144871,2.9e-06,2018-08-28T08:30:41.0222871
67881219,6130,UBT/BTC,Sell,3.55e-06,1139.61373029,0.00404563,8.09e-06,2018-08-28T08:22:16.0769462
67880847,6130,UBT/BTC,Sell,3.63e-06,494.12194894,0.00179366,3.59e-06,2018-08-28T08:11:40.7676735
67880846,6130,UBT/BTC,Sell,3.63e-06,2500.0,0.009075,1.815e-05,2018-08-28T08:11:40.7676735
67879547,6130,UBT/BTC,Sell,3.53e-06,7500.0,0.026475,5.295e-05,2018-08-28T07:41:41.0722204
67879546,6130,UBT/BTC,Sell,3.52e-06,5000.0,0.0176,3.52e-05,2018-08-28T07:41:32.8901219
67879527,6130,UBT/BTC,Sell,3.51e-06,2500.0,0.008775,1.755e-05,2018-08-28T07:41:27.1647671
67877368,6130,UBT/BTC,Sell,3.49e-06,2417.50310268,0.00843709,1.687e-05,2018-08-28T06:35:07.3168768
67877258,6130,UBT/BTC,Sell,3.48e-06,2500.0,0.0087,1.74e-05,2018-08-28T06:31:46.9279991
67877229,6130,UBT/BTC,Sell,3.48e-06,2500.0,0.0087,1.74e-05,2018-08-28T06:30:58.17042
67875364,6130,UBT/BTC,Sell,3.5e-06,4164.79897348,0.0145768,2.915e-05,2018-08-28T05:43:48.0206697
67875363,6130,UBT/BTC,Sell,3.5e-06,2500.0,0.00875,1.75e-05,2018-08-28T05:43:48.0206697
67874106,6130,UBT/BTC,Sell,3.5e-06,164.11177645,0.00057439,1.15e-06,2018-08-28T05:12:50.0470582
67874105,6130,UBT/BTC,Sell,3.5e-06,23720.0,0.08302,0.00016604,2018-08-28T05:12:50.0470582
67874104,6130,UBT/BTC,Sell,3.55e-06,172.66593573,0.00061296,1.23e-06,2018-08-28T05:12:50.0470582
67874103,6130,UBT/BTC,Sell,3.55e-06,169.0140845,0.0006,1.2e-06,2018-08-28T05:12:50.0470582
67874102,6130,UBT/BTC,Sell,3.55e-06,142.56838436,0.00050612,1.01e-06,2018-08-28T05:12:50.0470582
