date,amount,type,total,price,orderHash,uuid,buyerFee,sellerFee,gasFee,timestamp,maker,taker,transactionHash,usdValue
2018-09-06 21:29:19,2140.735,buy,0.2,0.000093425856072797,0x13274e0902359c1f425af651af2db739314b75ae52c136fe7474f3cdf81ccbdf,ea046da0-b21b-11e8-a708-5f5cf20ed527,4.28147,0.0002,14.556998,1536269359,0x5370f46e2102c767577a80a7698d6da81f32f924,0xeba1435844c075d8f163fbdb128b27746c1ed169,0xe3149ed6058154d4bc8db3d2b463bbb3d36a788ac9df61a375c88ee57c50b51a,140
2018-09-06 21:28:44,2140.735,buy,0.2,0.000093425856072797,0x577b5a44a5e1782d86720f0fe3142f950e31e1c06ad945f2c56e829c11d86e52,d4f57f80-b21b-11e8-8cb3-dfd00711a4a2,4.28147,0.0002,13.647185625,1536269324,0x5370f46e2102c767577a80a7698d6da81f32f924,0xeba1435844c075d8f163fbdb128b27746c1ed169,0x6f2f625d3dd541ad39f382f1ea661875d428c71af136de713d10cd42b99e28e9,140
2018-09-06 21:28:15,2140.735,buy,0.2,0.000093425856072797,0xaf14806e2a1d853e60230b12a73dd3e630eac5eaf2fa5e63a3e95be49dfb4e9a,c4098720-b21b-11e8-8cb3-dfd00711a4a2,4.28147,0.0002,13.647185625,1536269295,0x5370f46e2102c767577a80a7698d6da81f32f924,0xeba1435844c075d8f163fbdb128b27746c1ed169,0x9dfb6b4168a1810662a4f3a9783f62515fed0487f4f1a381c245fa12e3f0eb9b,140
2018-09-06 21:27:47,2140.735,buy,0.2,0.000093425856072797,0xed5dba7a0819bd57be779aea4efa74b454bc8dca52eef2f9714f9375b7c6cb70,b32b4a60-b21b-11e8-8cb3-dfd00711a4a2,4.28147,0.0002,14.556998,1536269267,0x5370f46e2102c767577a80a7698d6da81f32f924,0xeba1435844c075d8f163fbdb128b27746c1ed169,0x589cbba215930c685c5245df78dc82a88fd291f357a01532f34f44d031107eff,140
2018-09-06 21:27:19,2140.735,buy,0.2,0.000093425856072797,0x898ed0bbd5169d644e511372628b713da839bc41c1ac3aadbb87578c0d957766,a2528be0-b21b-11e8-9f05-0d241150408a,4.28147,0.0002,14.556998,1536269239,0x5370f46e2102c767577a80a7698d6da81f32f924,0xeba1435844c075d8f163fbdb128b27746c1ed169,0xcd44a503a7c926454b8fb4ccba67370253643cc93228f719bd46989b67ac8ecb,140
2018-09-06 21:26:45,2140.735,buy,0.2,0.000093425856072797,0x7d7d75460f2465274031d769d7c0eae4ff721cd70db96bf22c07259d1c1fa963,8e0b81a0-b21b-11e8-a708-5f5cf20ed527,4.28147,0.0002,14.556998,1536269205,0x5370f46e2102c767577a80a7698d6da81f32f924,0xeba1435844c075d8f163fbdb128b27746c1ed169,0x2c1b33ba30d56a171c1df758da80937325b2ba3218373874982f5b5f14b2f219,140
2018-09-06 21:26:18,2140.735,buy,0.2,0.000093425856072797,0x1aebdeb48ce3d6d46b79acba26b9da6a17b5a1c6f3a7fef3562de4e41871279d,7de2b230-b21b-11e8-b927-f9b083f9a6ff,4.28147,0.0002,14.556998,1536269178,0x5370f46e2102c767577a80a7698d6da81f32f924,0xeba1435844c075d8f163fbdb128b27746c1ed169,0x6cad77550cb596c3145fdd7676c5924cae9f12f245659f5268968f7ad056df35,140
2018-09-06 21:25:51,2140.735,buy,0.2,0.000093425856072797,0xa298e59fbad5b95b4b864122c442df3cff98fa5f61b12a1c60fa9e6eb1be6510,6e430ff0-b21b-11e8-8cb3-dfd00711a4a2,4.28147,0.0002,14.556998,1536269151,0x5370f46e2102c767577a80a7698d6da81f32f924,0xeba1435844c075d8f163fbdb128b27746c1ed169,0xe27f8d9ab25bf7cbab9dbe92e2c5c965a0a6aefd19e339ba8d205cf6ca417a23,140
2018-09-06 21:25:22,2140.735,buy,0.2,0.000093425856072797,0x9f62e3285bbaabbac1216142fb24dae52913f3e95990b9024348c16826f3e6a6,5c8c4d80-b21b-11e8-b927-f9b083f9a6ff,4.28147,0.0002,14.556998,1536269122,0x5370f46e2102c767577a80a7698d6da81f32f924,0xeba1435844c075d8f163fbdb128b27746c1ed169,0x0da158a1face49c622f28d846767fe13b30b80d6a29af3dddbda3a67212f5219,140
2018-09-06 21:24:43,2140.211,buy,0.2,0.000093448730055121,0xc5d6d81a807a05820b7a5b2f3843c8db51c2d96361408fdd8bbbd056ef52b2b1,45a5e040-b21b-11e8-8cb3-dfd00711a4a2,4.280422,0.0002,14.5534348,1536269083,0x5370f46e2102c767577a80a7698d6da81f32f924,0xeba1435844c075d8f163fbdb128b27746c1ed169,0x4a60c86c121e509f04459a94657d3a61718bcb3ebfe2430cc68ff84dd7091afd,140
2018-09-06 21:10:11,2140.22,buy,0.2,0.000093448337086842,0xb68b98d5c9574055585539760cdce20023f4aab3785d186cf173b9cd9eb25a7f,3de2cb40-b219-11e8-a708-5f5cf20ed527,4.28044,0.0002,12.734309,1536268211,0x5370f46e2102c767577a80a7698d6da81f32f924,0x28cfbe049cb36df793aacc518867dfb9f0dfe58d,0x4a7361627aaf45b24ea4a8d465a4665d40f533f161e39d0d47909eeadb62cf8d,140
2018-09-06 21:10:02,2140.23,buy,0.2,0.000093447900459296,0xf02ce178ebbf6a9f577f6980eec4d64f66852e0d802a20479ec672b1a4d73301,388cd3c0-b219-11e8-b927-f9b083f9a6ff,4.28046,0.0002,12.7343685,1536268202,0x5370f46e2102c767577a80a7698d6da81f32f924,0x28cfbe049cb36df793aacc518867dfb9f0dfe58d,0x1a9aa50f6d4314a8433fcd16db6bf16e7e2a6ec693631f40e4e0d28a5c08fa1c,140
2018-09-06 21:09:10,2140.286,buy,0.2,0.000093445455420444,0x3ad1177ce63dc48799607be6fb1ce6e89012c21fb32e4d4686600f920436c322,19611740-b219-11e8-9f05-0d241150408a,4.280572,0.0002,12.7347017,1536268150,0x5370f46e2102c767577a80a7698d6da81f32f924,0x28cfbe049cb36df793aacc518867dfb9f0dfe58d,0x6b813c7df1148e7d358b5e2194c33d776f1004e6b959e51a8f0c669304b10ee0,140
2018-09-06 21:09:10,2170.5547964,buy,0.202751523531724,0.00009341,0x0b06fcbd11a3b1f13c1219d7b26ab9f801a6855dfd24349de9b7593102a2468b,1964c0c0-b219-11e8-9f05-0d241150408a,4.3411095928,0.000202751523531724,12.739535381650785279,1536268150,0x6dcc131c0cbd1602b39a75fb3cdaf86e860be529,0x28cfbe049cb36df793aacc518867dfb9f0dfe58d,0xb68057a6b783f52f82f28278a2106adda1f96ed6025f3444b07169675904739b,141.9260664722068
2018-09-06 21:09:10,4006.8643385,buy,0.373960648712205,0.00009333,0x24494035f68ed0edf95cc188dc710d55d396c63cac01086d3c3b8aeeba89a390,19658410-b219-11e8-9f05-0d241150408a,8.013728677,0.000373960648712205,12.75045537340619112,1536268150,0xddd9b4fe51417e6eede1bc619d955ad6d5fe8c0b,0x28cfbe049cb36df793aacc518867dfb9f0dfe58d,0xc17453eae968c9e89d07939f3cca87bfdbd261ed6d324259c70471f52f6038c7,261.7724540985435
2018-09-06 21:08:28,2644.72584586,buy,0.2468587104525724,0.00009334,0x861943ad024fd258ac297f4e5e177db4dca2bdb3f061c79bb67af57f543041e1,00421f20-b219-11e8-8cb3-dfd00711a4a2,5.28945169172,0.000246858710452572,13.659738590100706834,1536268108,0x4ac279436ae95eb01ea4f8ea8560b7954691973e,0x28cfbe049cb36df793aacc518867dfb9f0dfe58d,0xcaaa8da3c8b0d7421ccdecf316e820956c4987978c744c9f181b6e5132127e5b,172.80109731680068
2018-09-06 19:01:40,623,sell,0.057454306,0.000092222,0x3c1c8764c4846871d8bd60c92f9c3eb0a02c2d87ec560cbb07acbb123c5445ac,49b95cc0-b207-11e8-8cb3-dfd00711a4a2,0.623,0.000114908612,0.00136,1536260500,0xd3b02a9334bf7c9728d9d0f50bc0b4d5017c9336,0x0f29b29f9b76220698e336ba4707dd9848140e52,0xc06dc1c04ca6aa180fe24334b91f601ad89eff60bbc269740bcb17902e2bc958,40.2180142
2018-09-06 19:01:34,1802,sell,0.166184044,0.000092222,0x82bbd15e1b7d20c3655ac2db972dd8725583ee968e2e1a4131b85bdeb3dbb21d,45df08c0-b207-11e8-b927-f9b083f9a6ff,1.802,0.000332368088,0.00136,1536260494,0x22e416d5376c6d614a3b5c5256eba98009dbb252,0x0f29b29f9b76220698e336ba4707dd9848140e52,0x79a0b31f21b28b2d5d0ca8cba166df313cf2649027fa1992d5aa043f53466d8a,116.3288308
2018-09-06 14:21:21,10000,sell,0.92,0.000092,0xaa2bd8ee79bbb6014503f73a6d7f3b54ecb64f6de86da1d5fc56437415c8a0eb,20d0ddf0-b1e0-11e8-9f05-0d241150408a,10,0.00184,0.00204,1536243681,0x2ad33dd5612c956fbff9ece28e1fb78f5e0eda14,0xb6867e8abf796a84d438968484351efb376e75d8,0xc5932d04326eccba0e15e9aec4c785794bed72dd855e4648dbc64eb6cb73bc50,644
2018-09-06 14:21:21,1289.96698086,sell,0.117352352670538718,0.000090973144593439,0xb83914030fd343bfd6d638d37f0332677acd9b852806a034bbb31b7a3983f1d3,20d41240-b1e0-11e8-9f05-0d241150408a,1.28996698086,0.000234704705341077,0.00204,1536243681,0x5370f46e2102c767577a80a7698d6da81f32f924,0xb6867e8abf796a84d438968484351efb376e75d8,0x7a4847a50f0dc7352572f1db6b5ee5aae9aa1f52f4d87203ac6e22ed58cd0689,82.1466468693771026
2018-09-06 11:11:14,264.18711968,buy,0.024681907820444847,0.000093425856072797,0xb5cf6acc457d1a4740660263a240b8734881298b4a5958127b153b2f7eea35a9,91d6d790-b1c5-11e8-9f05-0d241150408a,0.52837423936,0.000024681907820445,16.376622749380112705,1536232274,0x5370f46e2102c767577a80a7698d6da81f32f924,0x73bddc4a8235f4c7e6f5e034e69d9c6e39b60efc,0xf32524b74d2005c90bbac2ca2f4a84683dd1130ad2ee80c643dd878961ee327a,17.2773354743113929
2018-09-06 11:11:14,11093.29,buy,1.036289182013803,0.000093415856072797,0xd08ad9e601a141942107687215b9fe13adf78f24a919863558638906c4c94c55,91d96fa0-b1c5-11e8-9f05-0d241150408a,22.18658,0.001036289182013803,16.378375838119986012,1536232274,0x943d1f47bff06e6f4dd59b2cb54d792da3bc9cea,0x73bddc4a8235f4c7e6f5e034e69d9c6e39b60efc,0x7a49d4fdd9ebfaa54b824044976d07f3d2a54ec543a60047b04dbe86af96e0b3,725.4024274096621
2018-09-06 11:10:38,22322.39592477,buy,2.0547809772652166,0.000092050198562473,0xedc1379fb8ce9d47880ba2c7df1074ec58119f78e9efa907423302cf5596c921,7c3a7680-b1c5-11e8-a708-5f5cf20ed527,44.64479184954,0.002054780977265217,16.436683718538092254,1536232238,0x51b40141da326c2970811f0e84296439e3a0263d,0x73bddc4a8235f4c7e6f5e034e69d9c6e39b60efc,0x9b66f0f7a956f46c78724b5b901abb50aad63139725e4368ec0cee402391bb3e,1438.34668408565162
2018-09-06 09:33:11,25504.8765513,sell,2.347728950858526585,0.000092050198562473,0xac38311005a583f954ffab4a16f938bdb41e4e36817aeeed0a935cfc13909cf7,df5c74b0-b1b7-11e8-9f05-0d241150408a,25.5048765513,0.004695457901717053,0.001189999999999999,1536226391,0x15f166de700139399321fdf99a309702180d3147,0x51b40141da326c2970811f0e84296439e3a0263d,0xff35fe888eab4b8ee48e1e88424fbb4d152788ee42199c0212f3a0e8f532e6da,1643.4102656009686095
2018-09-06 09:33:11,2172.72752393,sell,0.199999999999906806,0.000092050198562473,0x6411a16f47c0e28f8014c731b075649cc35e3393538d36ffeb9926a2a10750b2,df5fa900-b1b7-11e8-9f05-0d241150408a,2.17272752393,0.000399999999999814,0.00119,1536226391,0x6dcc131c0cbd1602b39a75fb3cdaf86e860be529,0x51b40141da326c2970811f0e84296439e3a0263d,0xba949abe380d2c13175ae7749c82fe33a4c65ef4a203d113feab06c85b8c81f9,139.9999999999347642
2018-09-06 08:42:10,25682,sell,2.364033199481431585,0.000092050198562473,0xac38311005a583f954ffab4a16f938bdb41e4e36817aeeed0a935cfc13909cf7,bec3e5f0-b1b0-11e8-b927-f9b083f9a6ff,25.682,0.004728066398962863,0.002039999999999999,1536223330,0x15f166de700139399321fdf99a309702180d3147,0xf370ceec549fa02d18ec63cb9f0aa8fe5b9ef7e2,0x3bdd974f221ee0bcf4540ca285253666e2004e65b9177ade3acdcdba0cca5919,1654.8232396370021095
2018-09-06 08:20:05,5989.12478628,sell,0.551300125792502669,0.000092050198562473,0xac38311005a583f954ffab4a16f938bdb41e4e36817aeeed0a935cfc13909cf7,a8902e40-b1ad-11e8-9f05-0d241150408a,5.98912478628,0.001102600251585005,0.00204,1536222005,0x15f166de700139399321fdf99a309702180d3147,0xa638687195a38053bf8d9b0f13312aff88def19d,0x3d0213d27b2ddb35be53843b42faff938594909bdaedcd2f31ce9caa3331b3e7,385.9100880547518683
2018-09-06 08:19:54,4010.87521372,sell,0.36924117217552186,0.000092060000000114,0xb7c5563d90d30ce6743aa2168b006debd47ddeb327690fd1771270ef9ae71292,a26581a0-b1ad-11e8-8cb3-dfd00711a4a2,4.01087521372,0.000738482344351044,0.00204,1536221994,0xddd9b4fe51417e6eede1bc619d955ad6d5fe8c0b,0xa638687195a38053bf8d9b0f13312aff88def19d,0x175bfbc2a0e38fed0a111420078c405129652dd9e6ce75c1ef031444a45d5adc,258.468820522865302
2018-09-06 03:42:58,2138.74,buy,0.2,0.000093513002983065,0x2862b74160ba5a8ef0920a01344cf948d18431c9bc0ea4e91f31d216ea0011b4,f2a5db50-b186-11e8-8cb3-dfd00711a4a2,4.27748,0.0002,10.907574,1536205378,0x5370f46e2102c767577a80a7698d6da81f32f924,0xe3d027308d9d483e1ac47db38fe63e998a6e5692,0x8cc240c7704784a8bd2ddbea101e7b0c3bc73769a180a0c5d55da1338d71a57b,140
2018-09-06 03:35:18,4792.49459202,buy,0.44886504348859315,0.00009366,0xe96a58272aefef1c156337031e4600496fbc1be6ec3645bbf9a62f2794915f74,e031ffe0-b185-11e8-b927-f9b083f9a6ff,9.58498918404,0.000448865043488593,10.890454836643178282,1536204918,0xddd9b4fe51417e6eede1bc619d955ad6d5fe8c0b,0x5bddecd46a530df8d2ddf2bea234be63326be5cb,0xd1da8318e249a22c1fba9bd4036c0627da656a87e7c98940962a1c4131dc16e8,314.205530442015205
2018-09-06 03:35:18,2140.735,buy,0.2,0.000093425856072797,0x50e73d2ce7dd718e056f0555b5a6f5b8d144dca70729f4593e54b7537f83c1fe,e0350d20-b185-11e8-b927-f9b083f9a6ff,4.28147,0.0002,10.9177485,1536204918,0x5370f46e2102c767577a80a7698d6da81f32f924,0x5bddecd46a530df8d2ddf2bea234be63326be5cb,0xdb2e7847854f99ad3af0c4f170a09ff56feec43c8f1d387acc776dcceb57e3ad,140
2018-09-06 02:21:07,1070.51776185,buy,0.099817269999603721,0.000093242049367003,0x22524d30a836c4837de51adcd5669e040a9ff2d5b3e62243c76193a595e00ebf,831a41f0-b17b-11e8-8cb3-dfd00711a4a2,2.1410355237,0.000099817269999604,14.585693999863751017,1536200467,0x5370f46e2102c767577a80a7698d6da81f32f924,0x253290c8a8a38a3168bab7657e373fe9748fe7d3,0x681e5b80ce753506795661ea4a62c25e8c1ffa37461c318734ee6806c5ea1b61,69.8720889997226047
2018-09-05 23:17:47,4071.17792102,sell,0.375534277643058357,0.000092242167974072,0x9cb99a5ee78c56553ee4fc74a81a1b5d78c3321b33fd39534773e2ae4f23f3ee,e696d9b0-b161-11e8-a708-5f5cf20ed527,4.07117792102,0.000751068555286117,0.00085,1536189467,0x943d1f47bff06e6f4dd59b2cb54d792da3bc9cea,0xb36f8628284638dfa103a8c2f426fdde289a4251,0x23159b5b56bee85f690640f1cb9d639b50a2197bdfd9703944f3044e546fbffd,262.8739943501408499
2018-09-05 23:15:23,3337.88140086,sell,0.30952174230174784,0.00009273,0xbe2f59d3dea8b436d1becde89717e9bbae9b4715be9d5ea8bced8b181c600d5a,90b70e20-b161-11e8-ab2d-0f0751578c23,3.33788140086,0.000619043484603496,0.00085,1536189323,0xddd9b4fe51417e6eede1bc619d955ad6d5fe8c0b,0xb36f8628284638dfa103a8c2f426fdde289a4251,0x4a576c9416430caa774857bfe32a86c80a0eaf3f493b9dc35502bdcf4092b0a2,216.665219611223488
2018-09-05 23:15:17,7033.21955537,sell,0.652260781565273079,0.000092740000000037,0xf5e35a7ec6f035b56910d2be04c24ebe1438713dd880796c2f8010d4632d3398,8d596430-b161-11e8-afe3-e13c386c8c9e,7.03321955537,0.001304521563130546,0.00085,1536189317,0x943d1f47bff06e6f4dd59b2cb54d792da3bc9cea,0xb36f8628284638dfa103a8c2f426fdde289a4251,0x4814f81189041f4356a746016cb979a7bf0a9ff6c65dad4ad141926196e13b4e,456.5825470956911553
2018-09-05 21:16:22,1308.70184301,buy,0.123363165586561003,0.000094263766987509,0x50ac7a27a9873a489744573c0acd05a9e101587e10bca1cd3cbe1b9781dc5956,f03b5380-b150-11e8-b069-bf10606152b1,2.61740368602,0.000123363165586561,8.656560479933853632,1536182182,0x5370f46e2102c767577a80a7698d6da81f32f924,0x1ba4b0280163889e7ee4ab5269c442971f48d13e,0x352d90db98723ba91069e2c347abb5b6588586a1656109e2549b8740fb10a1b6,86.3542159105927021
2018-09-05 21:16:22,2122.817,buy,0.2,0.000094214432991633,0xf6724c9135a82e6d74bced67bb38e23b83d9c1d08f73db5b46ec144e3f3346d6,f03d4f50-b150-11e8-b069-bf10606152b1,4.245634,0.0002,8.66109336,1536182182,0x5370f46e2102c767577a80a7698d6da81f32f924,0x1ba4b0280163889e7ee4ab5269c442971f48d13e,0xe62616c1ba5afc6bd831c44231f7582f6b68d9c44e7bbbce04dfacc6035ec686,140
2018-09-05 21:15:49,1585.61349999,buy,0.149465901496248773,0.000094263766987509,0x50ac7a27a9873a489744573c0acd05a9e101587e10bca1cd3cbe1b9781dc5956,dcf23140-b150-11e8-b069-bf10606152b1,3.17122699998,0.000149465901496249,8.656560479945405292,1536182149,0x5370f46e2102c767577a80a7698d6da81f32f924,0x1ba4b0280163889e7ee4ab5269c442971f48d13e,0x02583a6d7ee3c27fb50834ccd5cb7dddb30af3f2735d23ee28002f04ded152e9,104.6261310473741411
2018-09-05 21:15:49,2127.372,buy,0.2,0.000094012706757445,0xa69f7f4102dd95227534fbaa0be20bd3be3c6be997912cc7529c80c05df0a700,dcf40600-b150-11e8-b069-bf10606152b1,4.254744,0.0002,8.67967776,1536182149,0x5370f46e2102c767577a80a7698d6da81f32f924,0x1ba4b0280163889e7ee4ab5269c442971f48d13e,0xbc0bad9fa76b5102c6f9a62bf82d1191f5c04f919f06bf39fbacef2cf68eca75,140
2018-09-05 21:03:05,4000.528,buy,0.375,0.000093737626633284,0xd615821fd51910b7a9da686a803c8192a7f60aaf71ce85a12f26ed1271c91f81,1537c7b0-b14f-11e8-b069-bf10606152b1,8.001056,0.000375,9.067863466666664,1536181385,0x5370f46e2102c767577a80a7698d6da81f32f924,0x1ba4b0280163889e7ee4ab5269c442971f48d13e,0x8ef246ab2af390d66e0dfdb6c6aa2ee34d25eef5e20aa91777fa3a0c76de327b,262.5
2018-09-05 19:53:33,2500,buy,0.2301254964061825,0.000092050198562473,0x91d0bf3402e126429a02a8d00c3728264e34f560268cf5b3a4b506029526bbbe,5eee1080-b145-11e8-93fa-8b3240e50541,5,0.000230125496406183,9.2340919767068025,1536177213,0xbc03626c4c0b1f350e2cfc46bb383bca15790d67,0x15f166de700139399321fdf99a309702180d3147,0xfb8423849922d684f5d4ca034f91c1d72488c665669a6c846c294ef0cfa8fa12,161.08784748432775
2018-09-05 19:53:33,4346.048,buy,0.4,0.000092037639713137,0xeef9a895678fba3ea87434342990ffca8ca2721f7e2cd3952dc2cb5db3fc14c9,5ef16be0-b145-11e8-93fa-8b3240e50541,8.692096,0.0004,9.235352,1536177213,0x5370f46e2102c767577a80a7698d6da81f32f924,0x15f166de700139399321fdf99a309702180d3147,0x15f6fde915c638ec572e676032fd1b5982594e6b9ab84a6ae7062c7606bf8908,280
2018-09-05 19:53:33,2173.024,buy,0.2,0.000092037639713137,0xbbe81a6c53027e1025407c4b15fdf1460bc337f019ce0480e918d34a6ee4fa26,5ef22f30-b145-11e8-93fa-8b3240e50541,4.346048,0.0002,9.235352,1536177213,0x5370f46e2102c767577a80a7698d6da81f32f924,0x15f166de700139399321fdf99a309702180d3147,0x74e53f296e12b83ebc6c86fc202f0dde6c994132b314fcafa94d122c62351722,140
2018-09-05 19:53:33,9850.39,buy,0.9065081419538885,0.000092027639713137,0xe146d21b4b60f067b143b588ae9c783bb3d183837726798caed8bdfd28c6fe68,5ef31990-b145-11e8-93fa-8b3240e50541,19.70078,0.000906508141953889,9.236355541113164361,1536177213,0x943d1f47bff06e6f4dd59b2cb54d792da3bc9cea,0x15f166de700139399321fdf99a309702180d3147,0x0ccf09753ceac1a20708c60aa9400033e7d5889059a830e4f16d7bf402c818a7,634.55569936772195
2018-09-05 19:48:07,1699.91133918,buy,0.15129210918702,0.000089,0xb81288b1c6a8d200f04fdecb7bf1a4433aeb0d60a6660e17f8e72a9eb5ccfdbe,9c46d3a0-b144-11e8-b3e7-47484177cc27,3.39982267836,0.00015129210918702,9.550561797752808977,1536176887,0x42833621285525cd1a9194a9451f9331dcbc3cd3,0x15f166de700139399321fdf99a309702180d3147,0xa09c8b0993d53b4938b854aad9ad539f6bfe99b77fd415614f195b6cd5bc341c,105.904476430914
2018-09-05 19:48:07,3141.83323489,buy,0.279308974581721,0.0000889,0x08e1defcc83213ed3dc6ec338ffc9c50a2b7ed57d457e7ca41d4e08a49ad4de1,9c4b8e90-b144-11e8-b3e7-47484177cc27,6.28366646978,0.000279308974581721,9.56130483689538616,1536176887,0x2aa4ae4717269758dc1aeb5fc10bd4032081eed9,0x15f166de700139399321fdf99a309702180d3147,0x1afb48eb5742e3e7384b77d4ffd7804c9e29c2c5fc07be2daff41c1984dcae94,195.5162822072047
2018-09-05 19:48:07,2904.33167811,buy,0.2581369995504168,0.00008888,0x2b2273378cc84ba76abaf0c6ab55266a6106b9873eebb813b1874cd8fc435124,9c4c2ad0-b144-11e8-b3e7-47484177cc27,5.80866335622,0.000258136999550417,9.563456345634562929,1536176887,0x6dcc131c0cbd1602b39a75fb3cdaf86e860be529,0x15f166de700139399321fdf99a309702180d3147,0x285eb7545ef663829530c9d9d2dd29ad94a681ef4b6bb62411f770ef0385cb60,180.69589968529176
2018-09-05 19:48:07,1788.21,buy,0.1589182227,0.00008887,0xeca9b6c06c410db355f8dcbbdc3c31555fcfe454e6db443ca4054381fa44b6a0,9c4cc710-b144-11e8-b3e7-47484177cc27,3.57642,0.0001589182227,9.564532463148418753,1536176887,0xb0ef5d19e86bc260f51ebcb23cd7d5d02a48ebd4,0x15f166de700139399321fdf99a309702180d3147,0x1102c711b50661bde0a66bdff134a0359cb8df8f25a312a1b1cfeb33d5b2eac1,111.24275589
2018-09-05 18:00:25,2669.87383856,buy,0.232884736895476147,0.000087226869499228,0x23f153783432a7644521a4682b2bb9995b5d878a57a412cb1a3ac67d8b5e5bdd,90ad7530-b135-11e8-b3e7-47484177cc27,5.33974767712,0.000232884736895476,17.540466702333509797,1536170425,0xfac35b40e94284e6df050be7802b0c3514049a1c,0x28cfbe049cb36df793aacc518867dfb9f0dfe58d,0xa18b420706efd0c2d5c23273b808a00058a7f59bc3161c5b1f16f58c726da288,163.0193158268333029
2018-09-05 17:47:58,2292.86,sell,0.199999,0.000087226869499228,0x364a71e071661623e5905b3590b76ecc57a60f3f32379cc5918ab29fbb184e15,d3c9db30-b133-11e8-9672-53461087e189,2.29286,0.000399998,0.00136,1536169678,0x5370f46e2102c767577a80a7698d6da81f32f924,0xfac35b40e94284e6df050be7802b0c3514049a1c,0xf6eb887fe9491c768ee64398b77edfddb1073b4be48dcb936a210d0d9549bf2b,139.9993
2018-09-05 14:35:27,14000.80000001,buy,1.244251096,0.000088869999999937,0x5b61a2f438cf5a2e594660d4d287fb6f758fd8f4ea4296a0d55b6d520a3764f7,eec88410-b118-11e8-b3e7-47484177cc27,28.00160000002,0.001244251096,13.007764149891134454,1536158127,0x943d1f47bff06e6f4dd59b2cb54d792da3bc9cea,0xe3ff9e344912754b9c39a939ea341162e9363764,0x3ee18e476ea34a69c112c42acad7549820a043d56a847ae4df9085c09ebcad93,870.9757672
2018-09-05 13:21:58,4058.95561169,sell,0.341804494659051606,0.000084209961221216,0x67b116f20df353c2e3b64cab38486b3e994cbdf64b3a6595c8758394d04684bb,aa619320-b10e-11e8-93fa-8b3240e50541,4.05895561169,0.000683608989318103,0.001088,1536153718,0x5370f46e2102c767577a80a7698d6da81f32f924,0xe8a010b9fd88b48c843328848a00e495ebb9249e,0x551ce8a2657e7ec5f0a5d99bfa34fd83861fad9cf4bdeabd087d3e9806466e5a,239.2631462613361242
2018-09-05 13:16:56,2795.36538626,buy,0.248480029186124503,0.000088890000000209,0xad297ebd627b49ed30fc27ac92656311454ef1ad75549dc325653500e45a331b,f69a7910-b10d-11e8-b3e7-47484177cc27,5.59073077252,0.000248480029186125,11.474856564224917292,1536153416,0xddd9b4fe51417e6eede1bc619d955ad6d5fe8c0b,0xe8a010b9fd88b48c843328848a00e495ebb9249e,0x51ed00dd7f8ad328c38e52e3d6f2de27ee071576976c3af1a122f0f3684418ac,173.9360204302871521
2018-09-05 13:16:21,2907.23891703,sell,0.249999999999400306,0.00008599224457782,0xc703e41d13ce791769355ca18db4daefb1107315f2f03e1d642a086e66037f19,e1c5adc0-b10d-11e8-b069-bf10606152b1,2.90723891703,0.000499999999998801,0.00102,1536153381,0x6dcc131c0cbd1602b39a75fb3cdaf86e860be529,0xe8a010b9fd88b48c843328848a00e495ebb9249e,0x05c5f4856b3d2555d6aba804aaad1e8f119eff0cb1b00576c93dba7336361c15,174.9999999995802142
2018-09-05 10:36:35,3935.69574137,sell,0.339271098191802814,0.000086203589018724,0x94255e43b76bdcd4a454e8c42ecc64f670ec9f5afd76e873ba65daee028e236e,90233fc0-b0f7-11e8-b3e7-47484177cc27,3.93569574137,0.000678542196383606,0.00102,1536143795,0x943d1f47bff06e6f4dd59b2cb54d792da3bc9cea,0xa638687195a38053bf8d9b0f13312aff88def19d,0xed2dc4dae4b6526f7f71950b87be02863cde5436c444daef09663271b7451017,237.4897687342619698
2018-09-05 10:35:40,4362.04,sell,0.374999,0.00008596872105712,0xc86022a935b287cba2582c20eeb79e57e8621d22dcecbc7113f12651aa90c06f,6f8a85c0-b0f7-11e8-b3e7-47484177cc27,4.36204,0.000749998,0.00102,1536143740,0x5370f46e2102c767577a80a7698d6da81f32f924,0xa638687195a38053bf8d9b0f13312aff88def19d,0x04608e4d3b627b43bc5274a7f19f4bac44aad130912dd922cfa9199933a82863,262.4993
2018-09-05 10:17:56,7387.74095208,sell,0.639857243779215272,0.000086610676785989,0xdcded548b2876b9c6cdde98f80c69b7cb4a0838376273282e3255a4d1acf03f8,f4c944e0-b0f4-11e8-93fa-8b3240e50541,7.38774095208,0.001279714487558431,0.001019999999999999,1536142676,0x943d1f47bff06e6f4dd59b2cb54d792da3bc9cea,0xa638687195a38053bf8d9b0f13312aff88def19d,0xd8eefb1ec0a06583db5b93334a91c56c2402ef1e212b83c6eb94d67d2d6b28f0,447.9000706454506904
2018-09-05 10:16:59,2305.87,sell,0.199999,0.000086734724854393,0x5e58193664e55824b56b009872b9276e1c48c986764d9b13e8cddf9cdfc0d827,d2d62b00-b0f4-11e8-93fa-8b3240e50541,2.30587,0.000399998,0.00102,1536142619,0x5370f46e2102c767577a80a7698d6da81f32f924,0xa638687195a38053bf8d9b0f13312aff88def19d,0x8df9e953cc07ba21074253a8715b148b4bab3446ef0908a0a7e7275b5e9b9de7,139.9993
2018-09-05 10:16:24,2303.42,sell,0.199999,0.000086826979013814,0xaa992b1978204e2d5ef34858b97515f85f0e6c7b1423feb81f8af73e4835827f,be487ad0-b0f4-11e8-93fa-8b3240e50541,2.30342,0.000399998,0.00102,1536142584,0x5370f46e2102c767577a80a7698d6da81f32f924,0xa638687195a38053bf8d9b0f13312aff88def19d,0xae79129a3e2e0f4564012042ad26626ac8d17822592e8a5f06722ea002ea3891,139.9993
2018-09-05 10:15:54,2309.03,sell,0.199999,0.000086616024910893,0xf492b40c8d1b9c41c41158c54de92e696d0ec6390c56aa6db835eb35e6575c4b,ac200ad0-b0f4-11e8-93fa-8b3240e50541,2.30903,0.000399998,0.00102,1536142554,0x5370f46e2102c767577a80a7698d6da81f32f924,0xa638687195a38053bf8d9b0f13312aff88def19d,0xb7faab45e9833512fe5d360c8604539740641f7863e12fdfe22138fed1333d04,139.9993
2018-09-05 10:15:27,2315.06,sell,0.199999,0.000086390417526976,0xfacb42583339aff6f85314ec9ea38a9ac4de1e216ef8a87069c0053e37b1a7ec,9c06a4b0-b0f4-11e8-93fa-8b3240e50541,2.31506,0.000399998,0.00102,1536142527,0x5370f46e2102c767577a80a7698d6da81f32f924,0xa638687195a38053bf8d9b0f13312aff88def19d,0x3a1f7f5dd8f95b06a6e67df99589fc25d714b04b910aa4c388e7ac0bafc29e3c,139.9993
2018-09-05 10:14:59,2307.18,sell,0.199999,0.00008668547750934,0x626442c295c4a849d388dffd1c1438346e284b89aa4d02b6e2cebca89bf45811,8bc60780-b0f4-11e8-b069-bf10606152b1,2.30718,0.000399998,0.00102,1536142499,0x5370f46e2102c767577a80a7698d6da81f32f924,0xa638687195a38053bf8d9b0f13312aff88def19d,0xbc60f4f203050ea3b989e6a0319689b9a9ededf66242eeefeaa494b37bd8c059,139.9993
2018-09-05 10:14:36,2773.96330655,sell,0.2437481557465485,0.00008787,0x39509c3b9ca4e4ae530420859235cc6348fc7fad45390dc3f66b9f07a560df32,7dc19eb0-b0f4-11e8-9672-53461087e189,2.77396330655,0.000487496311493097,0.00102,1536142476,0xddd9b4fe51417e6eede1bc619d955ad6d5fe8c0b,0xa638687195a38053bf8d9b0f13312aff88def19d,0x50d0318a125351cb6c61105283df9ebf522b47c96bcb394a7fb337d5ab0a9415,170.62370902258395
2018-09-05 08:34:22,1483.61072632,sell,0.129029624868359858,0.000086970000000209,0x861336773576e957401438cc601dfbb92676e064830a19e296ad8cf0e4543818,7d38ef10-b0e6-11e8-b3e7-47484177cc27,1.48361072632,0.00025805924973672,0.00102,1536136462,0xddd9b4fe51417e6eede1bc619d955ad6d5fe8c0b,0x56eceea2ba5fc9f99cdbeb05af7952655feac050,0x26824677897d02760585a956a481f78caf4ef4043b737fc2db7e03bdfa1d91eb,90.3207374078519006
2018-09-05 07:55:52,4002,buy,0.3545772,0.0000886,0x1e08534c075ab9c1902d33d03834bd9d0a6a9a90feb855b68a7389c2b88c6505,1c2c5e00-b0e1-11e8-9672-53461087e189,8.004,0.0003545772,13.431151241534987988,1536134152,0x33ffb270d16469408d52d49666004a5d43e3823b,0x5370f46e2102c767577a80a7698d6da81f32f924,0xbb76ff00dc0cb6ff483298a5c14e0c765d465f88286e00f67a8ba31b3c67e826,248.20404
2018-09-05 07:55:52,15041.04,buy,1.3324857336,0.00008859,0x7700640cbedf9791ff5e829a8d4849754ed29380e1356719dd7f23e4fe62dc94,1c39f290-b0e1-11e8-b069-bf10606152b1,30.08208,0.0013324857336,13.432667343944006995,1536134152,0x943d1f47bff06e6f4dd59b2cb54d792da3bc9cea,0x5370f46e2102c767577a80a7698d6da81f32f924,0xd84124c489549da1f126b4d90e7834d66b591bba2f07bf98d8e9b5432e945b53,932.74001352
2018-09-05 03:36:07,8578.17558013,sell,0.740684492699626476,0.000086345224084164,0x21046154e1933ef273fbb4339361d5dc22df73b5ba5987f2ef068be5aea9d766,d2e58ec0-b0bc-11e8-b069-bf10606152b1,8.57817558013,0.001481368985399253,0.00102,1536118567,0x943d1f47bff06e6f4dd59b2cb54d792da3bc9cea,0x260a22fa01bc44986fe772e8212ab223c3c35895,0xde0a207e6042f4e8e9fc7fa74a7be01e86d721b0022328baba7b2792c5f39d3a,518.4791448897385332
2018-09-05 03:36:07,4633.09,sell,0.399999,0.000086335253578066,0xece1d6e325f979e805ec2a0bafa61d8b37c0959787669c145edcacebc16bae89,d2f76910-b0bc-11e8-b069-bf10606152b1,4.63309,0.000799998,0.00102,1536118567,0x5370f46e2102c767577a80a7698d6da81f32f924,0x260a22fa01bc44986fe772e8212ab223c3c35895,0xe7c1e62e54510e78bdc5e943cc993bf6947b3da810012bef80866a9fe38d6578,279.9993
2018-09-05 03:36:07,1733.2853785,sell,0.149643581554655434,0.000086335224084195,0xa49c5e9ff9a74a4a1f04f30f85a6e29489d8c8d47d61f433ec8aa03678d05417,d2f85370-b0bc-11e8-b069-bf10606152b1,1.7332853785,0.000299287163109311,0.00102,1536118567,0x5370f46e2102c767577a80a7698d6da81f32f924,0x260a22fa01bc44986fe772e8212ab223c3c35895,0xfc2821c4d7400ec132fb3f17aa73a6d2b3f7f33a34172670f1d06422de713896,104.7505070882588038
2018-09-04 22:19:13,7227.27816017,buy,0.637590479291079776,0.00008822,0xdb5e29356834ce13364b98089745012fb8b7b193b7d15f20d7678323c9ced773,8dec6860-b090-11e8-9672-53461087e189,14.45455632034,0.00063759047929108,11.562004080691320399,1536099553,0x943d1f47bff06e6f4dd59b2cb54d792da3bc9cea,0xb6867e8abf796a84d438968484351efb376e75d8,0xb75ddba9785906d92525a48d636ce645d0c3a1de80b46c5d102360a064e31abb,446.3133355037558432
2018-09-04 22:18:35,4108.48566725,buy,0.36240952070812256,0.00008821,0xc386ffb08b735ddaba6a8a51d879a49f45f0fe4a5b40f4feb0f7b11e3b926464,77125730-b090-11e8-b3e7-47484177cc27,8.2169713345,0.000362409520708123,11.563314816914177723,1536099515,0xddd9b4fe51417e6eede1bc619d955ad6d5fe8c0b,0xb6867e8abf796a84d438968484351efb376e75d8,0x2f1620e0e0ce87c41ad7483c6ddf99905712eb8e76c9053c9c2849d8b363fbd4,253.686664495685792
2018-09-04 22:02:03,10000,sell,0.84,0.000084,0xe9da1724b91c134a01a1a34c0ecd4f00024197778c78928c5ce4b81601b6e656,27cdbf40-b08e-11e8-93fa-8b3240e50541,10,0.00168,0.00102,1536098523,0x15f166de700139399321fdf99a309702180d3147,0x88d8419ba2fb9cd8512dc0d48c65dee4d16d0cfd,0x7f493f866c740287e2f12f46c0290e8d30eb01e1cc6a0f3acef16ecd0162c3ce,588
2018-09-04 21:54:42,1251.5402604,sell,0.105141897276608628,0.000084010000000323,0x8e4b121b53b53cee0bd55f26cf9fc566554144ae4401636aa800799010e0ecb0,20e33a80-b08d-11e8-93fa-8b3240e50541,1.2515402604,0.000210283794553217,0.00204,1536098082,0x79147f4a41d558d2340034f7ef41525edd2966d0,0x8de08e5e37517083e64e1a5caf03cff6915b70eb,0x7a27d42de945505943ed0629db4c7b4ad73b7aca3751686849c326bb54f7041a,73.5993280936260396
2018-09-04 16:30:06,4810.45265966,sell,0.397564912158423813,0.000082646050233976,0xb59026746b8b4032cf163a5ed1fd9046a9be8a847c816d1761e1dc5da7d18ca1,c8a6b3b0-b05f-11e8-962b-97dba934e43a,4.81045265966,0.000795129824316848,0.00102,1536078606,0xb36f8628284638dfa103a8c2f426fdde289a4251,0x0c01933c2fe7e79c6d7c93cd88f6bf1bd23e7f94,0x5515aeb9a269d2f18325efdf30179aaca042a268aeee4d312748f85207c9ab07,278.2954385108966691
2018-09-04 15:28:37,5427.40016545,buy,0.464668943281612208,0.00008561538289341,0x242791bfcb35a1594224f44c5fa64700d3eb54107ae543fdf1b8ab502e245ee3,318bf7e0-b057-11e8-bae0-f3c9ac277f95,10.8548003309,0.000464668943281612,11.913746870326002994,1536074917,0x409df44693ccaba7689b4630b7271b9b8db01e31,0xe3ff9e344912754b9c39a939ea341162e9363764,0x21d0bed3e591daaaadcd6bbb41b0210a31d7d2923046c3c70577e6fd0411812d,325.2682602971285456
2018-09-04 15:28:37,2528.44537431,buy,0.21590735,0.000085391344497177,0x0f8167fecfee5cc16d242f7d97ccae0606aa1d40dc66fd29dfc2ae50ec4eafca,318ede10-b057-11e8-bae0-f3c9ac277f95,5.05689074862,0.00021590735,11.945004566987643197,1536074917,0x79147f4a41d558d2340034f7ef41525edd2966d0,0xe3ff9e344912754b9c39a939ea341162e9363764,0x6874e11a1ee2e63d3ac12854d99c25b90f49f19eb46cf12295a7f15e391f58f8,151.135145
2018-09-04 13:31:47,3247,sell,0.268384195109728322,0.000082656050233979,0x2cff2a9c17f9c9aa2687d753bb5a0e55ab974180a9bcfb5fdd90be37372da028,df7b9e20-b046-11e8-8a54-b5e2544dcf8c,3.247,0.000536768390219457,0.0017,1536067907,0x943d1f47bff06e6f4dd59b2cb54d792da3bc9cea,0xe58ba9b48ed6408ef80ce88a0ce3f81e91fb3381,0x511ba4d2f1e3e7abd28aff2217431d4400f68ffa506a193d38e35a9d4723f597,187.8689365768098254
2018-09-04 12:03:04,4864.11795477,buy,0.3946745308500378,0.00008114,0x7ed3d54c68169b992f79951112613fc06a7902d26877643f413a085cdee236fd,7a9b7400-b03a-11e8-8a54-b5e2544dcf8c,9.72823590954,0.000394674530850038,25.141730342617693169,1536062584,0x9cedb4c5148d4a8f1e0568284a24b795639981a8,0x0444daecabe4ea7b123ab0d99a4df5c76cee3586,0xdc120a1eeaf243beab4f54ada0e283ecdd5cffd8a1016c2c8992d6669a82feaf,276.27217159502646
2018-09-04 11:58:16,7845.56398059,buy,0.671700964212955167,0.00008561538289341,0x242791bfcb35a1594224f44c5fa64700d3eb54107ae543fdf1b8ab502e245ee3,cea340b0-b039-11e8-bae0-f3c9ac277f95,15.69112796118,0.000671700964212955,23.827493740695908333,1536062296,0x409df44693ccaba7689b4630b7271b9b8db01e31,0x5370f46e2102c767577a80a7698d6da81f32f924,0xb0fd7af0be5f3df558fdc2d47081e7d4638977220f26817838e9f338ab24826e,470.1906749490686169
2018-09-04 11:16:50,6841.55113083,sell,0.553934248034046142,0.000080966178201586,0x65ff9d183f4d2b37ea2a44e2537d07cff8e23e12488f234d357f7dca4d852319,05424fe0-b034-11e8-962b-97dba934e43a,6.84155113083,0.001107868496068092,0.00221,1536059810,0x943d1f47bff06e6f4dd59b2cb54d792da3bc9cea,0xcb9a4281d439f520d8dcb2c3c9b7d746cf373370,0x933e02f0fdcb7a18cad5dc308f503f1fb7d51d934969e095428c7bd7e3f5ec79,387.7539736238322994
2018-09-04 10:48:47,1232.4377619,buy,0.100000000000566,0.00008114,0x7ed3d54c68169b992f79951112613fc06a7902d26877643f413a085cdee236fd,19e8b500-b030-11e8-bae0-f3c9ac277f95,2.4648755238,0.000100000000000566,35.617451318708405226,1536058127,0x9cedb4c5148d4a8f1e0568284a24b795639981a8,0x3e06a21ec77530417efe06cda3b11ce1917f28b6,0xb4cd8ec279045d80a843e6139ed465a2245a7d466fd5d498bc5b724141484429,70.0000000003962
2018-09-04 09:46:53,13556.81538082,sell,1.0999999999997348,0.00008114,0x0f30272239d7429c684c4826dd0855c4bc65863e5e6a79b25a3890c18876cd17,740f6820-b027-11e8-8a54-b5e2544dcf8c,13.55681538082,0.00219999999999947,0.00425,1536054413,0xdea5f6ee9ec8bf9cf0181bcd23c3a02b9719eabd,0x9cedb4c5148d4a8f1e0568284a24b795639981a8,0x6404d6e904aaaac0cd9c81b72e656a9bdfc20fcd13687bffde7fcfee00a7a10c,769.99999999981436
2018-09-04 09:46:50,17217.37,sell,1.399999,0.000081313173847109,0x0f1584552f1f3fd58241aacbe81b21f8e2d2ec214e1ddb4ad4a0b5268e4ae6fd,726820c0-b027-11e8-8a54-b5e2544dcf8c,17.21737,0.002799998,0.004249999999999999,1536054410,0x5370f46e2102c767577a80a7698d6da81f32f924,0x9cedb4c5148d4a8f1e0568284a24b795639981a8,0x8a44e48bd4c894c3077b4ecc3d50ce360eb90f3b8c0827bc016e2f774f1714f0,979.9993
2018-09-04 09:46:47,4834,sell,0.399999,0.000082747000413736,0x1e8402137c3c41a7cbb4b5986058e362557ceaaba5b5388c3afd98f7973cfdf9,70eb1db0-b027-11e8-bae0-f3c9ac277f95,4.834,0.000799998,0.00425,1536054407,0x5370f46e2102c767577a80a7698d6da81f32f924,0x9cedb4c5148d4a8f1e0568284a24b795639981a8,0xcec87a53c07f00718c3eb379f65b8e5b5c7b591975fea4fca59531ccb9cdbdb9,279.9993
2018-09-04 09:46:45,2375.82,sell,0.199999,0.000084181040651228,0x59ad2c3e8952e01e69768ec82b11d348eb3d27828084b917019348747b509f7e,6f2e0460-b027-11e8-8a54-b5e2544dcf8c,2.37582,0.000399998,0.00425,1536054405,0x5370f46e2102c767577a80a7698d6da81f32f924,0x9cedb4c5148d4a8f1e0568284a24b795639981a8,0xea72172e64b959fce4f38518a0e56eda329800de3bc52fd1877cd8eee0bc0211,139.9993
2018-09-04 07:57:20,7842.95292757,sell,0.671477417908892874,0.00008561538289341,0xe228a2188a6726c899c998a737660967a69902e1c66f9bda433eac862c8a409c,266b25a0-b018-11e8-962b-97dba934e43a,7.84295292757,0.001342954835817786,0.00289,1536047840,0x943d1f47bff06e6f4dd59b2cb54d792da3bc9cea,0x409df44693ccaba7689b4630b7271b9b8db01e31,0x0d3af195ac20f7c506f38c36f0775374dfe2012c77a13b89e2d2360e824eb851,470.0341925362250118
2018-09-04 07:56:58,2349.1387494,sell,0.19867198,0.000084572262941362,0xd74534a02b39da503fe2f3977182c32a24b67358c0e3ce391365b9c4a59368bc,192ccbf0-b018-11e8-962b-97dba934e43a,2.3491387494,0.00039734396,0.00289,1536047818,0x79147f4a41d558d2340034f7ef41525edd2966d0,0x409df44693ccaba7689b4630b7271b9b8db01e31,0xe2cbb8df92b5281b7994743f491a7e7d5a9c53809ea44081c51a5df295f2b089,139.070386
2018-09-04 07:56:54,4683.8,sell,0.399999,0.000085400529484607,0x639cd71188806f82c89512a2b646af9d17fd3dc3e67bc13ae68fda88126fc83a,1732a9a0-b018-11e8-bae0-f3c9ac277f95,4.6838,0.000799998,0.00289,1536047814,0x5370f46e2102c767577a80a7698d6da81f32f924,0x409df44693ccaba7689b4630b7271b9b8db01e31,0xbc8cfbdb28918808567de0b45cb0df1af33aabb4e0b0754cba527377f96ea9f3,279.9993
2018-09-04 07:56:51,2336.29,sell,0.199999,0.000085605382893391,0x2465d2dbaa1d08c31b30ac058929061b485d6a1fb759bb343c96e1df338dcc6e,151fa820-b018-11e8-8a54-b5e2544dcf8c,2.33629,0.000399998,0.00289,1536047811,0x5370f46e2102c767577a80a7698d6da81f32f924,0x409df44693ccaba7689b4630b7271b9b8db01e31,0x4bc5f8fbacfa0e1ff3715483433d3cebba1481b4ae70c3c7cbaa616e62a1b054,139.9993
2018-09-04 07:56:36,7863.45899385,sell,0.671477417908892786,0.000085392117951407,0xe118edd4f3afad6f1a18793f3d2cd3be89f0b44b15ad88213a67b37d4a364c6e,0c56a9f0-b018-11e8-bae0-f3c9ac277f95,7.86345899385,0.001342954835817786,0.00289,1536047796,0x943d1f47bff06e6f4dd59b2cb54d792da3bc9cea,0x409df44693ccaba7689b4630b7271b9b8db01e31,0x97825513a41b7aa024905af4477b648a3e12e0e9626f2ae655b6c3367d8f5aed,470.0341925362249502
2018-09-04 07:56:14,2302.61,sell,0.199999,0.000086857522550497,0xadb1a803a99fd93afdf34c72578d16a0ff0ced39bab3d4ec4380ec15ac8bd21e,fee2e860-b017-11e8-b246-5d4a2c3255c6,2.30261,0.000399998,0.00289,1536047774,0x5370f46e2102c767577a80a7698d6da81f32f924,0x409df44693ccaba7689b4630b7271b9b8db01e31,0xe1889e37e09979b99899bbc8327e0c5474e07b04694b920ea4c0a359b31d9451,139.9993
2018-09-04 06:53:53,2290.77,sell,0.199999,0.000087306451542494,0x8429ab4809dea3eafe22a2705b73e6d7f47007fac0d5464d94caf39c5d63484b,49402a20-b00f-11e8-b246-5d4a2c3255c6,2.29077,0.000399998,0.00085,1536044033,0x5370f46e2102c767577a80a7698d6da81f32f924,0x219ea90001af506731eb7920f058cb37225a3fe1,0x603bfdfd4124202bd542352c2fe169850d17f00342f3f0d408d4206e886d215c,139.9993
2018-09-04 06:53:53,469.09726462,sell,0.040264834246790606,0.000085834724019139,0xa0dbf88e7e67cdeb433c4fc5b57614747718b144cbaab46bc3331836ee4cffcb,49453330-b00f-11e8-b246-5d4a2c3255c6,0.46909726462,0.000080529668493581,0.00085,1536044033,0x943d1f47bff06e6f4dd59b2cb54d792da3bc9cea,0x219ea90001af506731eb7920f058cb37225a3fe1,0xcd49c000e2da6e07c65ab7d58d789ba813284c50c550ae05348d3a6bae088c2e,28.1853839727534242
2018-09-04 05:35:53,4112.59826552,sell,0.3633069307760368,0.00008834,0x25e3d92760a491f411d7a29edc1254c904a9359073d32749f8aa28d57ca4cc61,6382e2c0-b004-11e8-962b-97dba934e43a,4.11259826552,0.000726613861552074,0.00085,1536039353,0xddd9b4fe51417e6eede1bc619d955ad6d5fe8c0b,0x219ea90001af506731eb7920f058cb37225a3fe1,0x41c483db5dd774e7d57a602502f1a9587fbf823348552c095a098c3ffb59b6b5,254.31485154322576
2018-09-04 05:35:53,2264.22,sell,0.199999,0.00008833019759564,0x8788766747607b73978b8c647df369aab25229e1a91f29cdc70a9e8527c0bb81,638553c0-b004-11e8-962b-97dba934e43a,2.26422,0.000399998,0.00085,1536039353,0x5370f46e2102c767577a80a7698d6da81f32f924,0x219ea90001af506731eb7920f058cb37225a3fe1,0xc3d23851ce98bcd74b5c6563b370e4308890985e34c851c14958687e208391e5,139.9993
2018-09-04 05:19:43,2265.13,sell,0.199999,0.000088294711561809,0xe7460d5749b8a5e38ab71daadea84026e52361f586284cc4eb1966c7e48b1dc1,21949950-b002-11e8-b246-5d4a2c3255c6,2.26513,0.000399998,0.00085,1536038383,0x5370f46e2102c767577a80a7698d6da81f32f924,0xe3ff9e344912754b9c39a939ea341162e9363764,0xeeae466a749b5cf2a4cc1cbb076850722c5f4deb76bd903602ce9dedc6b7d3c7,139.9993
2018-09-04 05:19:43,199.1375,sell,0.017284135110284145,0.000086794978897918,0xb6f019e643e6c0f30ad559ef2cfea0306492fdb1961fc81c7c1d855f609f0b06,21966e10-b002-11e8-b246-5d4a2c3255c6,0.1991375,0.000034568270220568,0.00085,1536038383,0x5370f46e2102c767577a80a7698d6da81f32f924,0xe3ff9e344912754b9c39a939ea341162e9363764,0x97afe46a078dc084b664c3f5191ae4c287adc2b0187d60b47dae9ad4bc888456,12.0988945771989015
2018-09-04 02:28:47,34521.15812917,buy,3.099999999999466,0.0000898,0x5961ca374055fedcdacae646daed3d172b66013c1791e9d464e2b58e88643a16,4046ccf0-afea-11e8-b246-5d4a2c3255c6,69.04231625834,0.003099999999999466,7.572383073496652166,1536028127,0x9cedb4c5148d4a8f1e0568284a24b795639981a8,0xb366efcadf2528ca72e1080914477df21becd4c4,0x3406cf3df020ad4cc85ff90a2503730c97a1bd0927834cb6eabdd0b11592dba2,2169.9999999996262
2018-09-04 02:26:59,12000,buy,1.056,0.000088,0x600ecf502632459b354121c5f45b19b4ee0f0c9d7d357f7e66d3e8616f09b1c9,003ff640-afea-11e8-b246-5d4a2c3255c6,24,0.001056,7.727272727272716,1536028019,0x219ea90001af506731eb7920f058cb37225a3fe1,0xb366efcadf2528ca72e1080914477df21becd4c4,0xf720946f7b9b79c352bb72f53cfe1e55d1dc18c0f39ce461ca85921803ca9482,739.2
2018-09-04 02:26:59,5000,buy,0.4375,0.0000875,0x15a6999666fc3fcf28fc90b52fc0a2a0d218b67a9dc9ca72163c7f58615fadda,004414f0-afea-11e8-b246-5d4a2c3255c6,10,0.0004375,7.77142857142857,1536028019,0x33ffb270d16469408d52d49666004a5d43e3823b,0xb366efcadf2528ca72e1080914477df21becd4c4,0x666e69996405e605b0b5a2c1fa3cfde8efc3e7bf9456d45d88d540a19d07f2f3,306.25
2018-09-04 02:26:59,6762.50727484,buy,0.5915841364030032,0.00008748,0x21896dbd155e8fcc851588a3ebb1dbabdbd4382aad4158e8a1e3e68e7dc83bf6,0044ff50-afea-11e8-b246-5d4a2c3255c6,13.52501454968,0.000591584136403003,7.773205304069496863,1536028019,0x219ea90001af506731eb7920f058cb37225a3fe1,0xb366efcadf2528ca72e1080914477df21becd4c4,0xdef4dad7038c1dc3a25e9ca5357467761b3c6474226cd08b4b760606f3015792,414.10889548210224
2018-09-04 02:26:59,6578,buy,0.5749172,0.0000874,0x94b6827b95aeeca171ed8e3bd5569b35d6e9801e17c7201e763748efe0b13158,00459b90-afea-11e8-b246-5d4a2c3255c6,13.156,0.0005749172,7.780320366132719834,1536028019,0x219ea90001af506731eb7920f058cb37225a3fe1,0xb366efcadf2528ca72e1080914477df21becd4c4,0xbe86a373445a20bba8fdccf59c20da29fadcf80b90127020b87bd0988b06faa9,402.44204
2018-09-04 02:26:59,4588.129,buy,0.4,0.000087181506884397,0xd9378679387dce73bff7ddf450165d5e56a5508f583a55ffb34c094caf6f0b5b,00465ee0-afea-11e8-b246-5d4a2c3255c6,9.176258,0.0004,7.7998193,1536028019,0x5370f46e2102c767577a80a7698d6da81f32f924,0xb366efcadf2528ca72e1080914477df21becd4c4,0xb32e381065bd58c1f22126a9bc7ee5ab9119984a4eb3f18cada263f1cd54df90,280
2018-09-04 02:26:59,3831.19324579,buy,0.33331381238373005,0.000087,0xe218afae507b6fbbfbfcac3a5b04efccbf2bc107204d9aed9ca486f135ddac32,00472230-afea-11e8-b246-5d4a2c3255c6,7.66238649158,0.00033331381238373,7.816091954022984809,1536028019,0xddd9b4fe51417e6eede1bc619d955ad6d5fe8c0b,0xb366efcadf2528ca72e1080914477df21becd4c4,0x90c6cf4abea0680c882f1cebb262809a1423b1e4dd3a3023f236dcefd652c3c8,233.319668668611035
2018-09-04 02:26:59,3042.28662216,buy,0.263999027643284276,0.000086776513994545,0xd7012eeaa3ffd7ecc1321085fc0cefc864c9d87f60f1262f5bc1ed19f9fcec08,0047e580-afea-11e8-b246-5d4a2c3255c6,6.08457324432,0.000263999027643284,7.836221676786261215,1536028019,0x6dcc131c0cbd1602b39a75fb3cdaf86e860be529,0xb366efcadf2528ca72e1080914477df21becd4c4,0x0b3fcaa44d91da095451fd4b3ad63b9e668881f781ba042128459c3fd4fbaeaf,184.7993193502989932
2018-09-04 02:26:59,2315.393,buy,0.2,0.000086378424742582,0xe97964d3d1a56fe054ac75a11a8fd74c67e2d896df64b2369fdc8d009731ebc9,0048a8d0-afea-11e8-b246-5d4a2c3255c6,4.630786,0.0002,7.8723362,1536028019,0x5370f46e2102c767577a80a7698d6da81f32f924,0xb366efcadf2528ca72e1080914477df21becd4c4,0x45f261cd0670f8f4520eb2fb3727a53ba02020084e98e2f26fb3b83c6e211a54,140
2018-09-03 21:55:10,2905.97622527,buy,0.251184280996549486,0.000086437142469468,0x6ece5a252ec1cf85f1072970f1e24f8cf809e938745082270c025126ea14689e,0714bad0-afc4-11e8-b246-5d4a2c3255c6,5.81195245054,0.000251184280996549,7.670313722300466745,1536011710,0x0646ea170c892ce59ab12246e2d39387996bc778,0xb36f8628284638dfa103a8c2f426fdde289a4251,0xe094baba760d716d92be16ee67e84993a35eb82b1cae89305c5d2209cfe4ebc8,175.8289966975846402
2018-09-03 21:55:04,2357.604,buy,0.2,0.00008483188864627,0x76a69ff6171320982f024c09e7a647b8b89134a6a34a1f7224a224332a154a88,03e4d7a0-afc4-11e8-b246-5d4a2c3255c6,4.715208,0.0002,7.81545726,1536011704,0x5370f46e2102c767577a80a7698d6da81f32f924,0xb36f8628284638dfa103a8c2f426fdde289a4251,0xb509b1cb16eb4c84b30d7a7993b2e538fb843b923ae22b44b0a6edbc82056c77,140
2018-09-03 20:21:41,2362.078,buy,0.2,0.000084671208994792,0x97b4aada31fbe632f43331bfccc0a41ab5c7730aab4c9d9181d37bbe1362d144,f850e580-afb6-11e8-b246-5d4a2c3255c6,4.724156,0.0002,10.0388315,1536006101,0x5370f46e2102c767577a80a7698d6da81f32f924,0xb5f54e7f3f5cdcf0ce6e165fc2e3f826cfcd5457,0x5fb7ceeae98574e5aec7a39db42145af9926cc302a6c3117a0743530e209b47f,140
2018-09-03 19:08:19,2000.39792423,sell,0.163466293076035487,0.000081716887973155,0x08b72725df71b14bae562b7ef98d98c19c52d141be1cadc923e901d0b62ce783,b86395d0-afac-11e8-8a54-b5e2544dcf8c,2.00039792423,0.000326932586152071,0.00085,1536001699,0x0646ea170c892ce59ab12246e2d39387996bc778,0xff6105225be04300ef29e32c5e3e5e8b37e73a6b,0xe6f59c693152827fdc7c3f82a95178feb40dfb9dba2310daeda52e6a8a0cb980,114.4264051532248409
2018-09-03 19:08:07,3045.33195412,sell,0.249999999999987647,0.000082092856794073,0xa173d0038c9a9dc12a23e1fe947af2b08ba82492fc83350dde4cd983c189c897,b0e7d820-afac-11e8-bae0-f3c9ac277f95,3.04533195412,0.000499999999999975,0.00085,1536001687,0x6dcc131c0cbd1602b39a75fb3cdaf86e860be529,0xff6105225be04300ef29e32c5e3e5e8b37e73a6b,0x1e5aef7518c2f1c6cd93928cb95dbb73f51e8081836026ea11cd56e3023e9977,174.9999999999913529
2018-09-03 19:07:58,12165.45012165,sell,0.99999999999963,0.0000822,0xa2475b253d9e88e614a434e772925d90a4ff9c88d9a55331620e9a157ea07e7e,ab829e60-afac-11e8-bae0-f3c9ac277f95,12.16545012165,0.00199999999999926,0.00085,1536001678,0xa8e669676461000ac3ee7a44284003179c2fe5f2,0xff6105225be04300ef29e32c5e3e5e8b37e73a6b,0x2acf4af45295be5de13362d0c401e85f45fa6955212226ef8dc6de9deff89e79,699.999999999741
2018-09-03 19:07:47,4457.21,sell,0.374999,0.000084133123635638,0x91d966e57b99dabbeb11d5740b5c8223c380bb51975ee2881b5594771fb378a2,a575b2f0-afac-11e8-8a54-b5e2544dcf8c,4.45721,0.000749998,0.00085,1536001667,0x5370f46e2102c767577a80a7698d6da81f32f924,0xff6105225be04300ef29e32c5e3e5e8b37e73a6b,0xc6d307434b325b954327a986b312c93f6fde9ff7d3ca0e1545d5b35c687f3489,262.4993
2018-09-03 19:07:21,4436.09,sell,0.374999,0.000084533677179679,0x3b0803f3b16a2b4697f8a08999893ea73bebdee146b89736416e15e31e230543,95816100-afac-11e8-8a54-b5e2544dcf8c,4.43609,0.000749998,0.00085,1536001641,0x5370f46e2102c767577a80a7698d6da81f32f924,0xff6105225be04300ef29e32c5e3e5e8b37e73a6b,0xca1a1c08d8d5ff94897624d936d547e28eb67ab34460378c6601b4a6bdb4da2e,262.4993
2018-09-03 19:06:52,5260.46971282,sell,0.451874348331238,0.0000859,0x6331f65c1748b11d895b337ced796ed2e423dd0b26f415398d5e397ad0ce2a8c,84258fd0-afac-11e8-8a54-b5e2544dcf8c,5.26046971282,0.000903748696662476,0.00085,1536001612,0x1ba4b0280163889e7ee4ab5269c442971f48d13e,0xff6105225be04300ef29e32c5e3e5e8b37e73a6b,0x637aff412743d18dcf4e350b6ea1b0f5e382cabc5b0559a47f1643b44ec3d44b,316.3120438318666
2018-09-03 18:37:31,3497.27110281,sell,0.300815099999635074,0.00008601423543,0x65939be3d82b36e469b4e9c2cb8d1dc6cf920ff92ef4792cd072781caf56b414,6ae0e410-afa8-11e8-962b-97dba934e43a,3.49727110281,0.00060163019999927,0.00085,1535999851,0x1ba4b0280163889e7ee4ab5269c442971f48d13e,0x219ea90001af506731eb7920f058cb37225a3fe1,0xfa247f292a8141f9d71d569a3f6283f7a21f1aa876e9e7a59fe99caab39c4cea,210.5705699997445518
2018-09-03 18:37:31,3053.04336705,sell,0.2625922599999705,0.00008601,0x3cc8def243b673f6ba860f81191baf4b26fabaa013f18a3032a5ff223f02c5bd,6ae94880-afa8-11e8-962b-97dba934e43a,3.05304336705,0.000525184519999941,0.00085,1535999851,0x1ba4b0280163889e7ee4ab5269c442971f48d13e,0x219ea90001af506731eb7920f058cb37225a3fe1,0x773ad5b78f91519ab6812247d105db2442f1d80b5ca879418dee049f299295e6,183.81458199997935
2018-09-03 18:25:36,1798.2,sell,0.154681164000381772,0.000086020000000212,0x6c238bee6abacb700130b506dab6e62e70c8e65be7ff7ee06d2b2a2651d4dc9f,c0914d20-afa6-11e8-8a54-b5e2544dcf8c,1.7982,0.000309362328000764,0.00085,1535999136,0xddd9b4fe51417e6eede1bc619d955ad6d5fe8c0b,0x200fe77bcec2d70ce89d29779a0ac09d5c94438a,0x5b709bc4f5045f0b9a33672f449600232167468bc39e36918ac35d98659bfea6,108.2768148002672404
2018-09-03 17:17:39,1184.28758626,sell,0.101860575294486167,0.000086010000000223,0xc6158e6f8830a0bacb01a3f035c63d34c47edc588e261f483b19ff3b2f36ab73,426cc130-af9d-11e8-b246-5d4a2c3255c6,1.18428758626,0.000203721150588972,0.00085,1535995059,0xddd9b4fe51417e6eede1bc619d955ad6d5fe8c0b,0x44f710b850aa1a9c96b6908919ae3cf9df4ff4e9,0x5ad707f5420a32c9fcc286d19fba05897f4d9bdb99b3113e25fe88ea93486d81,71.3024027061403169
2018-09-03 16:48:29,852.54068781,sell,0.073437854847953393,0.00008614,0x4867c7385e1a47378f48fc7eb5d0280d70f5a2bd6d3f18adde3810ab0cad814a,2f31f3a0-af99-11e8-8a54-b5e2544dcf8c,0.85254068781,0.000146875709695907,0.00085,1535993309,0xddd9b4fe51417e6eede1bc619d955ad6d5fe8c0b,0x0d4ddea3849c54e16c85cb4354943dc876e05552,0xbfb5c4a27cdf10ac66d523db10e6ed20ab55bbdd73bfca5c9e2fd5babb5e03b4,51.4064983935673751
2018-09-03 07:52:02,4593.10344827,buy,0.400059310344317,0.0000871,0x01573d2c6039676528eba47a307f49ec5ff08e50127fca2b9c25b8d4c9938997,3eb9bd30-af4e-11e8-bae0-f3c9ac277f95,9.18620689654,0.000400059310344317,9.758897818599307861,1535961122,0xa87604380690ff24feb213084daa49c717fab0f5,0xe52c57761c9b21a5e8e3d62d6c07f8922adc6d05,0x1b319ccc3d5a29a42230fbefa3f53da665a4850a643135825443fc3c37aed860,280.0415172410219
2018-09-03 07:51:59,2298.144,buy,0.2,0.000087026748541432,0xaa9b34c765841143873e8c8ca547f31cd2639353750a9ca5fbf5d6f09527927b,3cba43b0-af4e-11e8-8a54-b5e2544dcf8c,4.596288,0.0002,9.767112,1535961119,0x5370f46e2102c767577a80a7698d6da81f32f924,0xe52c57761c9b21a5e8e3d62d6c07f8922adc6d05,0xc69954067bc9a95d13f76794d8c4263add85a24b35efa88088ee6a7d0567a1ba,140
2018-09-03 07:30:59,2308.013,buy,0.2,0.00008665462456234,0x1df7faea5297a40384afc1b1b0da1589d49b317db8db9bae641077ac2125733e,4dc36860-af4b-11e8-8a54-b5e2544dcf8c,4.616026,0.0002,9.80905525,1535959859,0x5370f46e2102c767577a80a7698d6da81f32f924,0xe52c57761c9b21a5e8e3d62d6c07f8922adc6d05,0x8f9fdd607f396d3f69d0f723b8c1aaa084f22ce5e3905a903ddf27e94aaf311a,140
2018-09-03 07:30:51,1998,buy,0.17310672,0.00008664,0x176272852345891311017867710c27d4e1c8a184c8ceb24dc8203e28bbb34804,4925c460-af4b-11e8-8a54-b5e2544dcf8c,3.996,0.00017310672,9.810710987996306178,1535959851,0xddd9b4fe51417e6eede1bc619d955ad6d5fe8c0b,0xe52c57761c9b21a5e8e3d62d6c07f8922adc6d05,0xb9d719e1d112f18937b16d6df270e259a43be1b71f839808687b2b446259059c,121.174704
2018-09-03 06:48:30,2000,sell,0.170020000000000045,0.00008501,0xe5a79b15085b8d8dcb2b822d6b6df693003c24c5369270250a77fbd5075210b6,5e7aa3e0-af45-11e8-b246-5d4a2c3255c6,2,0.00034004,0.00085,1535957310,0xddd9b4fe51417e6eede1bc619d955ad6d5fe8c0b,0x253290c8a8a38a3168bab7657e373fe9748fe7d3,0x765741e4c1dc3ccafbf7c166be0378119af8cfb818da6c29017fb98a18875e97,119.0140000000000315
2018-09-03 05:02:05,4365.884,buy,0.375,0.000085893257814454,0xe89b997bd52e9cf955647384263fed9973bebfd1a8bd3c11fcae00f0d32ea1ae,8048f580-af36-11e8-8a54-b5e2544dcf8c,8.731768,0.000375,11.87520448,1535950925,0x5370f46e2102c767577a80a7698d6da81f32f924,0xbbb33d2e7bd7ddc722e53da9ca8ee97df41cfabf,0x19be036d0742501f5aefd329f27d35723224d9633e42053c3ee5b0892f5f1958,262.5
2018-09-03 05:01:57,2605.26529207,buy,0.223271235530399,0.0000857,0x7c408e62cf45823664c720d693972143a0f77f268d0811161edde902236f1d95,7bf32ff0-af36-11e8-b246-5d4a2c3255c6,5.21053058414,0.000223271235530399,11.901983663943990364,1535950917,0xd48f1a44e56526e96a983ff750559aa365810d5a,0xbbb33d2e7bd7ddc722e53da9ca8ee97df41cfabf,0x3b58b7f65aa7e74bde2a0a1cec67c9e938a7151d3c0d7aaa65421454fe4d269f,156.2898648712793
2018-09-03 04:35:39,2959.77183272,buy,0.252202128268352872,0.00008520999,0xb1874022e314016566cce2582ed25e3e5d2fae5fdc1a7ccdc1de4ad11e4dc954,cf6a0ea0-af32-11e8-8a54-b5e2544dcf8c,5.91954366544,0.000252202128268353,11.970427411152141849,1535949339,0x6dcc131c0cbd1602b39a75fb3cdaf86e860be529,0xbbb33d2e7bd7ddc722e53da9ca8ee97df41cfabf,0xa258070d66794bcceb8f248e329436ad539a263bd90012f305f49846d4dc4ac9,176.5414897878470104
2018-09-03 04:35:33,4426.892,buy,0.375,0.000084709543399749,0x688f2bcc4841636f6535147a7532ff9a47a800e51168d6f51564bceb3126bc07,cb799a90-af32-11e8-962b-97dba934e43a,8.853784,0.000375,12.04114624,1535949333,0x5370f46e2102c767577a80a7698d6da81f32f924,0xbbb33d2e7bd7ddc722e53da9ca8ee97df41cfabf,0x8a2430e58ba3f38a98b1551899c6d7c2d92e7d00ecf36a1cf5df4fe68c46a481,262.5
2018-09-03 04:35:09,8446.85,buy,0.7173220634657852,0.000084921842280351,0x142fde5eaaf626751676c3f29c9b75356429503039ddd6ff7b57d9eae4cffd49,bd8adca0-af32-11e8-8a54-b5e2544dcf8c,16.8937,0.000717322063465785,12.011044186166943386,1535949309,0x943d1f47bff06e6f4dd59b2cb54d792da3bc9cea,0xbbb33d2e7bd7ddc722e53da9ca8ee97df41cfabf,0x09e9e1338c9379568b2156c760412fb216f4adce8577213bbe29ee7be58d63c6,502.12544442604964
2018-09-03 04:35:02,2237.971,buy,0.189578,0.000084709766122975,0x26908e222bf0f600ca8d1d8595853b2cf8a6bd0036f0e48df0578e21b890216c,b92a8fc0-af32-11e8-bae0-f3c9ac277f95,4.475942,0.000189578,12.041114580805788947,1535949302,0x5370f46e2102c767577a80a7698d6da81f32f924,0xbbb33d2e7bd7ddc722e53da9ca8ee97df41cfabf,0x9813f889405ea97e6fe7a791f0d545dd9ac76fc904fd1ef7bc6b35e26a41d47c,132.7046
2018-09-03 04:28:03,17050.53000001,buy,1.4250832974000003,0.000083579999999951,0xe8fd4bf97ced8985b968cd3710f7c9f6276691a1dd196c19a2fdf5cc92714614,bf8ac0c0-af31-11e8-8a54-b5e2544dcf8c,34.10106000002,0.0014250832974,10.373295042599996093,1535948883,0x943d1f47bff06e6f4dd59b2cb54d792da3bc9cea,0xbbb33d2e7bd7ddc722e53da9ca8ee97df41cfabf,0x7caf83d918ea6c8154e6b848a92ee0bea31ef2b9667a0dde60b846a3ddf5ac85,997.55830818000021
2018-09-03 04:27:58,4903.59534787,buy,0.40979346322149594,0.00008357,0xe09e38f873cea3be1790dbfd3ddea56bb7624ee29c437746f1aa30f00e8c9abd,bc83e960-af31-11e8-bae0-f3c9ac277f95,9.80719069574,0.000409793463221496,10.374536312791667477,1535948878,0xddd9b4fe51417e6eede1bc619d955ad6d5fe8c0b,0xbbb33d2e7bd7ddc722e53da9ca8ee97df41cfabf,0x351e5ca3ca7ba8ae78323748612b21776650f53ad27ba614492b4ab7340f3aca,286.855424255047158
2018-09-03 02:30:17,2403.62,sell,0.199999,0.000083207412153335,0xcbb91246fda2b98ffb07c34aeca0fda1bc3565f0b2013e0044a6cb472d3c4563,4bf21ce0-af21-11e8-8a54-b5e2544dcf8c,2.40362,0.000399998,0.000901,1535941817,0x5370f46e2102c767577a80a7698d6da81f32f924,0x3a55850f6583d8788e5e7a6e8254b5e229399a64,0x3f15d0876071df140b8a8bda64a62967aa942bc39925181913188e1d77d07ba9,139.9993
2018-09-03 02:30:17,2607.87316524,sell,0.21645347271492,0.000083,0x661770b956d143383b9649450c4fa5b19d446825fa9d27418250b32b06ad3c78,4bf48de0-af21-11e8-8a54-b5e2544dcf8c,2.60787316524,0.00043290694542984,0.000901,1535941817,0xd48f1a44e56526e96a983ff750559aa365810d5a,0x3a55850f6583d8788e5e7a6e8254b5e229399a64,0xb1054e938541ef750b767643d3ea71678f8f4da62d4849451b30701b40157e85,151.517430900444
2018-09-03 02:30:17,2461.31155033,sell,0.199938701498023945,0.0000812325857209,0xd129bdc584b3e458b8aee5814ff87cca1c823cef3c86f50b5328df3c48ac5b7f,4bf59f50-af21-11e8-8a54-b5e2544dcf8c,2.46131155033,0.000399877402996048,0.000901,1535941817,0x5370f46e2102c767577a80a7698d6da81f32f924,0x3a55850f6583d8788e5e7a6e8254b5e229399a64,0x81e897b3572cb7b7931e02b3f1e075779bdfae2e144e9bc6309b5b5b60304255,139.9570910486167615
2018-09-03 01:55:43,1000,sell,0.083207412153335385,0.000083207412153335,0x57b19a06421746dd39349697a983437291372eadd1ef05badd106527a0d7861e,776a7250-af1c-11e8-b246-5d4a2c3255c6,1,0.000166414824306671,0.0017,1535939743,0x5370f46e2102c767577a80a7698d6da81f32f924,0x253290c8a8a38a3168bab7657e373fe9748fe7d3,0x88331956a62d50e2be9937dd5a3da6c9064ee2928c892115b7acf47e8d088696,58.2451885073347695
2018-09-02 23:47:39,2397.14,sell,0.199999,0.000083432340205411,0x58421834918b2127d49d4085904939afe9034392f953878848604fcdd1c8c3df,938f5ca0-af0a-11e8-bae0-f3c9ac277f95,2.39714,0.000399998,0.00085,1535932059,0x5370f46e2102c767577a80a7698d6da81f32f924,0xb12a1270fe5605c61fc59bbe347ea45dff3cacf4,0x30c28eb455a30365148f8df597a8a2d58a94aaa0750b07f46af0231da8e75401,139.9993
2018-09-02 20:11:36,4519.57069613,buy,0.386499833664871731,0.000085516935047607,0xd39812da8b1eb461bb61ea0bc4da3e8dfd5fb6dd3b4c19ba3851e0e2113f562c,64fdf540-aeec-11e8-962b-97dba934e43a,9.03914139226,0.000386499833664872,8.945596560171797423,1535919096,0x5370f46e2102c767577a80a7698d6da81f32f924,0xeec05211c010be06fb8e587bfc3a5d8907a4def1,0x23bdebdcdad669dd8b6c9c548c6bae2dc9f0aa1620319f457bdf72f5ac0e8cac,270.5498835654102117
2018-09-02 20:11:36,2338.72,buy,0.2,0.000085516863925566,0x59aba049ecc9a445c72f829727d1bade5379d7f50bfd02c66897075bd8881a8f,64ffca00-aeec-11e8-962b-97dba934e43a,4.67744,0.0002,8.945604,1535919096,0x5370f46e2102c767577a80a7698d6da81f32f924,0xeec05211c010be06fb8e587bfc3a5d8907a4def1,0xadef8b7396681783d40688fb62e4c73521f9fc1f7fb07ca0c0cbb27216889811,140
2018-09-02 20:09:42,2173.85313498,buy,0.183099999999485289,0.000084228321155802,0x004f59f6723dabe4c58bdd38abdef0c3a61313245de7f6a189d4969f6148a67c,2102b2e0-aeec-11e8-b246-5d4a2c3255c6,4.34770626996,0.000183099999999485,9.284288102452968863,1535918982,0x79147f4a41d558d2340034f7ef41525edd2966d0,0x019c199f89b8a374e87b70597bbca748ac084587,0x6cb2367b134974153ebac22e7e6bcb210a08494eef63017d75379462b4942ba7,128.1699999996397023
2018-09-02 19:46:16,3416.98964813,buy,0.287797050500643271,0.000084225321155802,0xc612f9bb56e559bacbde8b3fee4c22ad0d6994fda01cba513d5f407131f20fbc,dade5650-aee8-11e8-8a54-b5e2544dcf8c,6.83397929626,0.000287797050500643,10.091976953405253681,1535917576,0x0646ea170c892ce59ab12246e2d39387996bc778,0xb36f8628284638dfa103a8c2f426fdde289a4251,0x40f987fae6d52a68bfc8e80b9913d83ecc328e026cee043a0fe501460fce8b93,201.4579353504502897
2018-09-02 19:11:54,2388.231,buy,0.2,0.000083743992938707,0x1d5402a5c569df6779227d8688a82ca663df5fa43394c76a8e4c6fecfd1f695b,0e38a550-aee4-11e8-b246-5d4a2c3255c6,4.776462,0.0002,11.164979925,1535915514,0x5370f46e2102c767577a80a7698d6da81f32f924,0xb36f8628284638dfa103a8c2f426fdde289a4251,0x6c296617b0f2f6789dfb916d61a4d6b04a234dd13cef6fc7869ec17c88bdfd08,140
2018-09-02 15:32:50,2357.86676541,sell,0.19142267,0.000081184684736296,0x6b2cb9e2a569c1a7a6cff24d47dd7b4c5fae8d00957e18352e21824f58082eec,735fab00-aec5-11e8-8a54-b5e2544dcf8c,2.35786676541,0.00038284534,0.001156,1535902370,0x79147f4a41d558d2340034f7ef41525edd2966d0,0xeec05211c010be06fb8e587bfc3a5d8907a4def1,0xa96ca83c8a1414ae9bd693a3d19eb9690e7804cb3e0678f9ccc5e16619a54084,133.995869
2018-09-02 15:32:50,2644.92118737,sell,0.213670808704708963,0.000080785321591066,0xafa278218d5538d336f3258dcec736faa0f962370bd0fb43e3bec7bc5f11c930,7361f4f0-aec5-11e8-8a54-b5e2544dcf8c,2.64492118737,0.000427341617409418,0.001156,1535902370,0x5370f46e2102c767577a80a7698d6da81f32f924,0xeec05211c010be06fb8e587bfc3a5d8907a4def1,0xe2c2b663eff1724e0c9b5909ebfebb99eb15ec8759f27d9ad20033fb8fa315d8,149.5695660932962741
2018-09-02 14:41:12,5959.85231474,sell,0.48184809979441426,0.000080849,0xfba83a5442415ef4c08c93988ae52f03d868cae01e34a49dccb47ea9377de348,3d3fc9d0-aebe-11e8-b246-5d4a2c3255c6,5.95985231474,0.000963696199588829,0.00102,1535899272,0xe33808e9cebcb7d3d45b4eff101b7de406d3ebf8,0x09c421b589b6a6fc57f124798f80d6b2361338ae,0x8a1eba03b11bf8f8cc80fe5d65c7b39ca64501c990d1ccd1fbb8cf1bb1eadb30,337.293669856089982
2018-09-02 14:41:09,4328.89724435,sell,0.35,0.000080851999999957,0xeda4d568342c91c208b2e50d4239fadd2f571033bbf7dfe8557f5ef2dc9527cf,3b040aa0-aebe-11e8-bae0-f3c9ac277f95,4.32889724435,0.0007,0.00102,1535899269,0x0646ea170c892ce59ab12246e2d39387996bc778,0x09c421b589b6a6fc57f124798f80d6b2361338ae,0x01494bf83f9c247ff3e0ed0704552caac2f6aad15de9aad7920a96d140e28b28,245
2018-09-02 14:41:05,2427.87,sell,0.199999,0.000082376321631718,0x9bc563ef801ddb5a1424a7aed8cee9a4a27fccc39bb3dddb6c8297b292470dfd,38fb9070-aebe-11e8-962b-97dba934e43a,2.42787,0.000399998,0.00102,1535899265,0x5370f46e2102c767577a80a7698d6da81f32f924,0x09c421b589b6a6fc57f124798f80d6b2361338ae,0x8f95c2d370d937ec544ed2c8ef07e19fbb564cc8293e5c43dca6669246a0023f,139.9993
2018-09-02 14:38:49,1800,sell,0.150642,0.00008369,0x0eee460c485eb60014554dbc6b14efbb089b61cf2c29287fbec1e79c12134a1b,e80b0b50-aebd-11e8-b246-5d4a2c3255c6,1.8,0.000301284,0.00102,1535899129,0x200fe77bcec2d70ce89d29779a0ac09d5c94438a,0x09c421b589b6a6fc57f124798f80d6b2361338ae,0x24989c9c35de28405087853cdc56b5da3c307408bc8121ae20ccaa2a31431045,105.4494
2018-09-02 14:38:46,11904.76190476,sell,0.99999999999984,0.000084,0x20edba384778ddb7c79cbb2882201bcb1d3f16797f0b750c4540f42294e39449,e610e900-aebd-11e8-b246-5d4a2c3255c6,11.90476190476,0.00199999999999968,0.00102,1535899126,0xa8e669676461000ac3ee7a44284003179c2fe5f2,0x09c421b589b6a6fc57f124798f80d6b2361338ae,0x3ff53785cf6f785a0648ae282a340bb75735611338b87e919ea546ea2f402bce,699.999999999888
2018-09-02 14:38:43,2374.27,sell,0.199999,0.000084235996748474,0x7f7ea43ca9c3435349597a5eaafb2303f0a2c33719cf0675cdbf012d53040d15,e404c550-aebd-11e8-bae0-f3c9ac277f95,2.37427,0.000399998,0.00102,1535899123,0x5370f46e2102c767577a80a7698d6da81f32f924,0x09c421b589b6a6fc57f124798f80d6b2361338ae,0x8a8392dbb63ffc722e3e2dc35151a41afb530bfb7626f72ebfe401437be8ca95,139.9993
2018-09-02 14:38:39,2962.73456729,sell,0.249999999999816415,0.000084381504424978,0x2e46cb0a2dc1bf724a07abdf4360286ba7868a8be1ff3a8218ed99e372c781f7,e1ad67d0-aebd-11e8-b246-5d4a2c3255c6,2.96273456729,0.000499999999999633,0.00102,1535899119,0x6dcc131c0cbd1602b39a75fb3cdaf86e860be529,0x09c421b589b6a6fc57f124798f80d6b2361338ae,0xc760086d638bb4386e09d76deecbc913ef608a4d734f69f1315cfd959c557fdd,174.9999999998714905
2018-09-02 13:41:34,4000,sell,0.338034633889253816,0.000084508658472313,0xe11636b5572d85f91dc1ad8fa5942ef81515d3645f6d577d7a93f7e766da3514,e887fd20-aeb5-11e8-8a54-b5e2544dcf8c,4,0.000676069267778508,0.000935,1535895694,0x943d1f47bff06e6f4dd59b2cb54d792da3bc9cea,0x56072be2e3c9424bc769182f5507f11774feaab8,0x2a8ece712c7432507d24186fcdad5a4411cb7ae39d460a65f19a8a6693d2390d,236.6242437224776712
2018-09-02 11:37:34,2317.33727745,sell,0.195940176952456116,0.000084554017604234,0x78bc8fa0839ce5c2d1ee8e7b6b260d18d578690499ff202eb64bd022d7f52c5a,95f65ae0-aea4-11e8-962b-97dba934e43a,2.31733727745,0.000391880353904912,0.001292,1535888254,0x5370f46e2102c767577a80a7698d6da81f32f924,0xf9d958036e2a943bde22593e6328ff8929452050,0x4aa2583d2a7e127297c7a5664d4605a4a3a225f85f77e3f7398c083df0f4ee01,137.1581238667192812
2018-09-02 11:37:21,5000,sell,0.42385,0.00008477,0xc160612761f443202606930afce61211d1900d074d34e693426d09a27d94440a,8e1b3f20-aea4-11e8-962b-97dba934e43a,5,0.0008477,0.001292,1535888241,0x5bddecd46a530df8d2ddf2bea234be63326be5cb,0xf9d958036e2a943bde22593e6328ff8929452050,0x36e2132e37e3cc4eaf537467e7fd800dd404e44705b155400e9b6fe3806542d6,296.695
2018-09-02 11:37:21,4731.92,sell,0.399999,0.000084532071548124,0x0046d7003d2eaad1fd072f81a5384f5ddc3d81e25f733f1572eb82b0137c2573,8e1dd730-aea4-11e8-962b-97dba934e43a,4.73192,0.000799998,0.001292,1535888241,0x5370f46e2102c767577a80a7698d6da81f32f924,0xf9d958036e2a943bde22593e6328ff8929452050,0x8fa82d0ffcf7e4fc2b78b401d8413e94bb4ab80d9225bf75b5a2c102b55b231d,279.9993
2018-09-02 11:37:13,8068.17973279,sell,0.6873282314364791,0.000085190000000012,0x33a02c79804a313be9f0b36c25079bbbfbf3e8f6737ec9f444cc0c4bc06eea6c,8916ea10-aea4-11e8-8a54-b5e2544dcf8c,8.06817973279,0.001374656462872958,0.001291999999999999,1535888233,0x943d1f47bff06e6f4dd59b2cb54d792da3bc9cea,0xf9d958036e2a943bde22593e6328ff8929452050,0x593f1ab77b1146ffa577112b93e9ede650e26b9961758124fc65953b3cdeff21,481.12976200553537
2018-09-02 11:37:13,4237.65922391,sell,0.36096381269265376,0.00008518,0xc3d8fb28b68fe1576d83afe9fbcb1747ff02c51e455340a5c47325fa960aa303,891bf320-aea4-11e8-8a54-b5e2544dcf8c,4.23765922391,0.000721927625385308,0.001292,1535888233,0xddd9b4fe51417e6eede1bc619d955ad6d5fe8c0b,0xf9d958036e2a943bde22593e6328ff8929452050,0x33fd70ef2e00754c9de990f824b1779850b1f9b38f3e128099535a7ea165df23,252.674668884857632
2018-09-02 11:37:13,2348.65,sell,0.199999,0.00008515487620548,0x20346eafee78ebb76c72199ee9589ddcd848d53b60084485d097b7032cc68dae,891cdd80-aea4-11e8-8a54-b5e2544dcf8c,2.34865,0.000399998,0.001292,1535888233,0x5370f46e2102c767577a80a7698d6da81f32f924,0xf9d958036e2a943bde22593e6328ff8929452050,0x1df14d603d05f2031d289472578756bd37679645ca6d7644dcd9dcafd35d1a32,139.9993
2018-09-02 11:37:13,3333.33333333,sell,0.2828333333330505,0.00008485,0xe0c1274c678657af1ccb7616da6900b9dc2ed5fef6fecea7b2fabae872fdc6eb,891dc7e0-aea4-11e8-8a54-b5e2544dcf8c,3.33333333333,0.000565666666666101,0.001292,1535888233,0x5bddecd46a530df8d2ddf2bea234be63326be5cb,0xf9d958036e2a943bde22593e6328ff8929452050,0x595dee2d29387cd746dbcb6c36b51df0f228f32d9112836b89d6d3be6e19cd36,197.98333333313535
2018-09-02 10:55:15,2622.60369765,buy,0.22840255602920936,0.00008709,0x46b3c7766d1eb21c59c9dcb1c5b78e45609f8a896a8d77bf545dffd95eedbe4f,ac21c440-ae9e-11e8-b246-5d4a2c3255c6,5.2452073953,0.000228402556029209,13.66402572046690408,1535885715,0xddd9b4fe51417e6eede1bc619d955ad6d5fe8c0b,0x3ae5381de8f6ca9e672ed55a3cd802286b45c9b4,0xe41fbf52b602b2cd12b7b70e63cf23d27cd5ca96e642b120c313378d98ee8665,159.881789220446552
2018-09-02 10:42:27,2500,buy,0.215,0.000086,0xd26bfba94c071d44fba3371d9e28de85685d5651faa367f4036aba9780049d37,e28e2de0-ae9c-11e8-bae0-f3c9ac277f95,5,0.000215,13.83720930232558,1535884947,0x2def78c794528742596e9a98e4e6a934213e7198,0x17612949ce24d5a6f0a6b3d9c3e77f9d3df36331,0x6f789623eedcbe9b891b9b5b712ed7591b4b04dba17b9d7ade427a64274a71f9,150.5
2018-09-02 09:50:50,1598.55195643,buy,0.1384985415050952,0.00008664,0x844428031a3c9695666fe1760dd0f92fed038ce06a76d7dc6b52a385e6a4c288,ac6ffa60-ae95-11e8-bae0-f3c9ac277f95,3.19710391286,0.000138498541505095,7.848568790397044438,1535881850,0xddd9b4fe51417e6eede1bc619d955ad6d5fe8c0b,0xb36f8628284638dfa103a8c2f426fdde289a4251,0x76fffcd2ecef592075f07462edd6d2d76bcdb4b5565e423a24aaa39fca77afbe,96.94897905356664
2018-09-02 09:50:42,4328.112,buy,0.374051,0.000086423595322857,0x3e15c27aadd4038d40f69ae837e676dc152431f483ba9ebac822574c09cf9f2c,a821fd00-ae95-11e8-8a54-b5e2544dcf8c,8.656224,0.000374051,7.868221606144612361,1535881842,0x5370f46e2102c767577a80a7698d6da81f32f924,0xb36f8628284638dfa103a8c2f426fdde289a4251,0xcd3315fa16b7c1a5dc3a9e64cdc4c0072198aa9b70bed064cf04b3867b568d32,261.8357
2018-09-02 09:25:28,7568.10108525,sell,0.645407660549732602,0.000085279999999949,0x4ec89e34851e53d4fabb5c65d4fd683f3c98890f44b2028817553ec41e50d03c,2180af60-ae92-11e8-8a54-b5e2544dcf8c,7.56810108525,0.001290815321099465,0.00068,1535880328,0x943d1f47bff06e6f4dd59b2cb54d792da3bc9cea,0x56072be2e3c9424bc769182f5507f11774feaab8,0xdb69966bc6656e526414faf7500bf0b4f043bac7abc3d8745d1709c6e80bd68e,451.7853623848128214
2018-09-02 09:25:28,4896.22566294,sell,0.4175011622788937,0.00008527,0xdfe4b9fea6b09a4a16b59d9c3d48a0c7f07fe46cca286eba1571db09187cb703,21878d30-ae92-11e8-8a54-b5e2544dcf8c,4.89622566294,0.000835002324557787,0.00068,1535880328,0xddd9b4fe51417e6eede1bc619d955ad6d5fe8c0b,0x56072be2e3c9424bc769182f5507f11774feaab8,0x0686d2373f6ba18aa511711bed34c32f48d14e5eb09959e09f3555c4410ccc47,292.25081359522559
2018-09-02 09:25:28,3333.33333333,sell,0.2840666666663826,0.00008522,0x2a87bd04259c3274417318508b3b44a3dac79dc200f185ad47e1c77305e0bf92,2188c5b0-ae92-11e8-8a54-b5e2544dcf8c,3.33333333333,0.000568133333332765,0.00068,1535880328,0x5bddecd46a530df8d2ddf2bea234be63326be5cb,0x56072be2e3c9424bc769182f5507f11774feaab8,0x5fd23d9ee9749e533cc93b62f94dd01347596a5049d892c8a78c85323a054cc6,198.84666666646782
2018-09-02 09:25:28,5000,sell,0.4257,0.00008514,0x34d3d0c4d17786aac9c2bf25dfad55aff2c4dc9f0d6384fc23c6cb39ae9cfe06,2189b010-ae92-11e8-8a54-b5e2544dcf8c,5,0.0008514,0.00068,1535880328,0x5bddecd46a530df8d2ddf2bea234be63326be5cb,0x56072be2e3c9424bc769182f5507f11774feaab8,0xd24e02680fbc14fecc3c4e9b38363329d7d7878f86193656d85bba3330851947,297.99
2018-09-02 09:25:28,4410.88,sell,0.374999,0.000085016822040046,0x81c0eebef8d7e1b1e54e07a386d0ff381d07ad71b5a965339474beb478ab08ca,218a9a70-ae92-11e8-8a54-b5e2544dcf8c,4.41088,0.000749998,0.00068,1535880328,0x5370f46e2102c767577a80a7698d6da81f32f924,0x56072be2e3c9424bc769182f5507f11774feaab8,0xefc6f04bf447505ebd2bf7978ccf26f7f39f88d2b3d3182661f6afd6d2cec6ed,262.4993
2018-09-02 09:25:28,8791.45991848,sell,0.741606481579592902,0.000084355327608411,0x805115733e994bdec52121d2601c34ef468b52a85194810a987d7f39d02d527a,218c4820-ae92-11e8-8a54-b5e2544dcf8c,8.79145991848,0.001483212963159186,0.00068,1535880328,0x5370f46e2102c767577a80a7698d6da81f32f924,0x56072be2e3c9424bc769182f5507f11774feaab8,0xf391d6cd43a2df976dbf8bde7bb7bb182b68ae39546046e5e8476abc7cc2e9a1,519.1245371057150314
2018-09-02 08:09:40,7046,buy,0.6066606,0.0000861,0xdc52fa71befc336e5190370478833981edb95bb7a0a2451c34644bd875dd3026,8a721370-ae87-11e8-8a54-b5e2544dcf8c,14.092,0.0006066606,9.872241579558650058,1535875780,0x219ea90001af506731eb7920f058cb37225a3fe1,0x5bddecd46a530df8d2ddf2bea234be63326be5cb,0x2de4f7096899b0f0f36d9f7ffd99e6ed58112515d2126970fe2dd6782d982437,424.66242
2018-09-02 08:09:40,4828.68004188,buy,0.4145904683958168,0.00008586,0x9bc5cdd32acd7a22e684aab21784a6c269c3dbfa8be56f43ca57919485a65e8d,8a760b10-ae87-11e8-8a54-b5e2544dcf8c,9.65736008376,0.000414590468395817,9.899836943862096537,1535875780,0xddd9b4fe51417e6eede1bc619d955ad6d5fe8c0b,0x5bddecd46a530df8d2ddf2bea234be63326be5cb,0xbe25cdc85c03d3880f10beef1c9097745f76e1ad79967b4c299ff3e1bcffec25,290.21332787707176
2018-09-02 08:09:40,4378.011,buy,0.375,0.000085655335265261,0xd3161e6ad76eed3904fd7a3829d8ae5c9032b43308d0543936aeb3cb8437a3b7,8a76f570-ae87-11e8-8a54-b5e2544dcf8c,8.756022,0.000375,9.923491599999997081,1535875780,0x5370f46e2102c767577a80a7698d6da81f32f924,0x5bddecd46a530df8d2ddf2bea234be63326be5cb,0xa4645581871ba5632e7f6cadb79f0a2ca23f02ed07ee35f6672ebeef230b84a7,262.5
2018-09-02 07:29:22,4351.86566314,sell,0.364251156004778307,0.000083699999999991,0x9192aae2d12b4e2340308f368197cf33e0db8d11e3a768e7edbfb7f5df5d8b87,e99ee900-ae81-11e8-b246-5d4a2c3255c6,4.35186566314,0.000728502312009557,0.00068,1535873362,0x943d1f47bff06e6f4dd59b2cb54d792da3bc9cea,0x9ad803aaeb401280d0c15401fea2a952ce6a464b,0xd0086a5193483a37792872ee1376ac9c99f59a32b87e97822892b34537fd931d,254.9758092033448149
2018-09-02 07:28:04,4833.51355544,sell,0.4103169657213016,0.00008489,0x98c5d92f20ff6678c6427cecd57126567fc5c862b906c607889323a94b2f3e70,bade1190-ae81-11e8-962b-97dba934e43a,4.83351355544,0.000820633931442603,0.00068,1535873284,0xddd9b4fe51417e6eede1bc619d955ad6d5fe8c0b,0x9ad803aaeb401280d0c15401fea2a952ce6a464b,0xef09f2e62d5ef6956fe902698a538f102aba69c67fa82bbab7cbecc5c87247a3,287.22187600491112
2018-09-02 06:48:32,1948.77764843,buy,0.167400000000137,0.0000859,0x1a974d24bb87ac033448adaf0d628fba8ddb8904e1fd50a568fb393cafb6cbd3,355aa1f0-ae7c-11e8-b246-5d4a2c3255c6,3.89755529686,0.000167400000000137,7.916181606519207171,1535870912,0x219ea90001af506731eb7920f058cb37225a3fe1,0x5bddecd46a530df8d2ddf2bea234be63326be5cb,0xe1928df2c6b2be07234bd9df1f79e1e0c74fe505458dd8272fbcd47c858be701,117.1800000000959
2018-09-02 06:04:05,3209.37831198,buy,0.275685596999082,0.0000859,0x1a974d24bb87ac033448adaf0d628fba8ddb8904e1fd50a568fb393cafb6cbd3,ff599df0-ae75-11e8-b246-5d4a2c3255c6,6.41875662396,0.000275685596999082,7.916181606519205364,1535868245,0x219ea90001af506731eb7920f058cb37225a3fe1,0x5bddecd46a530df8d2ddf2bea234be63326be5cb,0x9ea1c53cd52737ddfcc616f781d23c058fd6a886811d2b7f988b9e9f6dfcac65,192.9799178993574
2018-09-02 06:04:05,5151.55682507,buy,0.44231266900051014,0.00008586,0xf44b1d5f0aaa8b9f21ec040a3c4496c3e5ce7b49f0a2704be44520757e2b934d,ff5e0ac0-ae75-11e8-b246-5d4a2c3255c6,10.30311365014,0.00044231266900051,7.91986955508968044,1535868245,0xddd9b4fe51417e6eede1bc619d955ad6d5fe8c0b,0x5bddecd46a530df8d2ddf2bea234be63326be5cb,0x043e411529cd0cedbae7e377768a022868f4b73208db3beb40d32629b95a8c0b,309.618868300357098
2018-09-02 06:04:05,2335.211,buy,0.2,0.00008564536566503,0xca33e28dc76e6505a843fcbf1ad39fcedb6023ff2ee175e8e81fe3105346db8b,ff5ece10-ae75-11e8-b246-5d4a2c3255c6,4.670422,0.0002,7.9397174,1535868245,0x5370f46e2102c767577a80a7698d6da81f32f924,0x5bddecd46a530df8d2ddf2bea234be63326be5cb,0x83a7e0b5c9fd505c94dae16805d62a975c13d473b4f5d63e71f90fbeb5564b7d,140
2018-09-02 04:03:23,11000,sell,0.9339,0.0000849,0xc4e8eb9f26fe1ed8a2246acb587498b2bca1203537bbc0b28abebbecac092211,22e84f20-ae65-11e8-b246-5d4a2c3255c6,11,0.0018678,0.000849999999999999,1535861003,0x019c199f89b8a374e87b70597bbca748ac084587,0x8945087d18d9dc34070b3f1665c9b2c8c820d099,0xdcd87c2f44007f226782d141358b6e5dec822acd73a75f02bdc1d3c0eb10e322,653.73
2018-09-02 02:26:41,2903.09080619,sell,0.24679174943469046,0.000085010000000165,0xb2767890360e60c70e97f5274ce6c67b4975e306e464562912fa5ff9e749ca4b,a0a7f630-ae57-11e8-962b-97dba934e43a,2.90309080619,0.000493583498869381,0.000697,1535855201,0xddd9b4fe51417e6eede1bc619d955ad6d5fe8c0b,0x8945087d18d9dc34070b3f1665c9b2c8c820d099,0x180a5a78ce65ed1bdfdeb8c932b4f23e95839f4db8117ed7227bd2dc4c05db46,172.754224604283322
2018-09-02 02:26:41,15096.90919381,sell,1.28323728147385,0.000085,0x7210e613300e64d6df830bbfb299d2f0d0e2c8073cc966ec5c568a279de315f1,a0aadc60-ae57-11e8-962b-97dba934e43a,15.09690919381,0.0025664745629477,0.000696999999999999,1535855201,0x019c199f89b8a374e87b70597bbca748ac084587,0x8945087d18d9dc34070b3f1665c9b2c8c820d099,0x099613b96180641f75a0ccabc5f5d166a8f42e68afab90ff3fd5f01733f1c0fb,898.266097031695
2018-09-02 01:05:23,2253.62273243,sell,0.191580468484245799,0.000085010000000165,0xb2767890360e60c70e97f5274ce6c67b4975e306e464562912fa5ff9e749ca4b,456514c0-ae4c-11e8-962b-97dba934e43a,2.25362273243,0.000383160936968492,0.000697,1535850323,0xddd9b4fe51417e6eede1bc619d955ad6d5fe8c0b,0x43c428cd9dc0f2ccfbc68a0fa0170c1945a6970c,0x3e8c9bea56d3a2dd3332c863617f08738b4ad5b99064d7084cda3a720c07084b,134.1063279389720593
2018-09-01 21:14:32,8027.16012093,buy,0.69033577039998,0.000086,0xdf6ed792953d4685885d119275fcdb79e17b0e3321bf661d28571aee5e58846a,05746bb0-ae2c-11e8-8a54-b5e2544dcf8c,16.05432024186,0.00069033577039998,11.860465116279068376,1535836472,0x68fd09239e8fb711ea98ff9c15eba60285502b06,0x8945087d18d9dc34070b3f1665c9b2c8c820d099,0xdefacc0232e31e311772bc99076b3a3eaf508d60b279eee719c61bc310a759e2,483.235039279986
2018-09-01 21:14:32,4198.4057038,buy,0.35854384710452,0.0000854,0x2aabb1fa1bcba39b0e85d8a10dfe8984fee1a80a6ab1f748e8e0d1c14e94c639,0579e9f0-ae2c-11e8-8a54-b5e2544dcf8c,8.3968114076,0.00035854384710452,11.94379391100702193,1535836472,0xddd9b4fe51417e6eede1bc619d955ad6d5fe8c0b,0x8945087d18d9dc34070b3f1665c9b2c8c820d099,0x1d4748453d64fcc57f48c66c6ff80324801ac2701eeb7be288741baeb50c81a2,250.980692973164
2018-09-01 21:14:32,4702.451,buy,0.399992,0.000085060322797622,0x378236dcef2cf451c1330e9e4dc33efd405b16bf211c0b5e0233b620158780c4,057b4980-ae2c-11e8-8a54-b5e2544dcf8c,9.404902,0.000399992,11.991489879797594069,1535836472,0x5370f46e2102c767577a80a7698d6da81f32f924,0x8945087d18d9dc34070b3f1665c9b2c8c820d099,0x3149593d461b69416f849d294a65175fa0ba5ecda1a5c15461052b0a58993a6c,279.9944
2018-09-01 21:14:32,11000,buy,0.935,0.000085,0xdb1a26397844be01eac4081f843709017d5fc3a5e6912605d7fbd067dc86097a,057c33e0-ae2c-11e8-8a54-b5e2544dcf8c,22,0.000935,11.99999999999999,1535836472,0x0c7200c61e91ea19e137eb0ed392f98769291d63,0x8945087d18d9dc34070b3f1665c9b2c8c820d099,0xaf183f4e5c07873e5abe374b7e077a2158f46b5c070f046e1ccf86f5ef11809d,654.5
2018-09-01 21:14:32,2358.838,buy,0.2,0.000084787509782359,0xb522e8e96fb651fce3edd8aee03668b8f7976d39dff93736a6f52fc707c014fd,057e08a0-ae2c-11e8-8a54-b5e2544dcf8c,4.717676,0.0002,12.0300738,1535836472,0x5370f46e2102c767577a80a7698d6da81f32f924,0x8945087d18d9dc34070b3f1665c9b2c8c820d099,0x48956a656b44692be3605d5084cef578421538030a2b023cc2c0e0da2ded42e5,140
2018-09-01 19:24:16,691.33308961,sell,0.057161844094884093,0.000082683506625049,0x15715f0622f191b7cc44b898d68bca32530e3ed6fd0463b2ceb647dae18e2f95,9e1df1c0-ae1c-11e8-b246-5d4a2c3255c6,0.69133308961,0.000114323688189768,0.00085,1535829856,0x5370f46e2102c767577a80a7698d6da81f32f924,0x4490bcbb9a6827f15944e30962aa56f8c73dba70,0x392ce6562bcb1d13bcffa6e6ee31e5838d5313a8591a62faae9707594bebce7d,40.0132908664188651
2018-09-01 16:52:47,1490.11057182,buy,0.126342771827358602,0.000084787514574974,0x6fb9102ea953df1316383de8ed4ea96791ad06aa7e326419d86b7eb09be43c63,746b18e0-ae07-11e8-bae0-f3c9ac277f95,2.98022114364,0.000126342771827359,10.025060933266055346,1535820767,0x5370f46e2102c767577a80a7698d6da81f32f924,0x5114e60d34eb578df563f2b81369116c1e948b1a,0x7184b179f56573bf36fc69823b9ad5dd4cb9d682121c097ea03457b3ff97dd5e,88.4399402791510214
2018-09-01 15:57:19,6900,sell,0.57753,0.0000837,0x4b9b734d77c04c5ca5c1eb21c032077d3f81c6f9eb9c42ac1415a047fed1ef5f,b4f8f380-adff-11e8-8a54-b5e2544dcf8c,6.9,0.00115506,0.00085,1535817439,0x18c96cef5f3d7ae66d31513b7291938f80cc9d2f,0x0dcc1aac07cfe1cb5383bba0446377881c5755b7,0x1739737c2e0c4ed3e18a83f8b3ffb847a9a46ef1d0a74954c67c480fc4527669,404.271
2018-09-01 15:57:09,2383.52,sell,0.199999,0.000083909092434718,0xd29c3e316e281e6ff736f46c497573b906c8353477ba5c86454030541f25d869,aeba49b0-adff-11e8-b246-5d4a2c3255c6,2.38352,0.000399998,0.00085,1535817429,0x5370f46e2102c767577a80a7698d6da81f32f924,0x0dcc1aac07cfe1cb5383bba0446377881c5755b7,0xaf37a0e77456b24796c300f06c5f1e70efe0ebbfdc2657eacb2024d46878946b,139.9993
2018-09-01 15:56:33,4202.60831211,sell,0.3553305327889005,0.00008455,0x0c294ec548a0d8a094fbc72d0173135a8c4d9e536fe3ddf09fd5f3a0f145fed1,9934cc00-adff-11e8-bae0-f3c9ac277f95,4.20260831211,0.000710661065577801,0.00085,1535817393,0xddd9b4fe51417e6eede1bc619d955ad6d5fe8c0b,0x0dcc1aac07cfe1cb5383bba0446377881c5755b7,0x8dbcf77f0f9d457ede19401dabf436f2ebc215b358cd9941803bd63f21329e21,248.73137295223035
2018-09-01 12:48:51,6740.45252721,buy,0.57293846481285,0.000085,0x228acd0fada86e42edd70f47cb52b31e1159d7be6612b4ed053769da307b70df,60daace0-ade5-11e8-b246-5d4a2c3255c6,13.48090505442,0.00057293846481285,7.999999999999997889,1535806131,0x2505c95e107111f5862844158182b78d456af415,0x7808bf7698b1613516725a4c39ae3fa385e8cd34,0x0f41a2102d0328dfd9b14be0473b1d1dc284b39a8bce36ccd16be391e557d6db,401.056925368995
2018-09-01 12:48:51,5069.94591599,buy,0.43089470340084,0.000084990000000168,0x9f94293b1cd1f5747a2855a6f60d6cfde05139af9b894895e2c4bc4f283ccc46,60dde130-ade5-11e8-b246-5d4a2c3255c6,10.13989183198,0.00043089470340084,8.000941287194477605,1535806131,0xddd9b4fe51417e6eede1bc619d955ad6d5fe8c0b,0x7808bf7698b1613516725a4c39ae3fa385e8cd34,0xe900e0b732c3d0034f5a09a9faa3f22e46e19e02579c362ecb90200744a97042,301.626292380588
2018-09-01 09:30:09,2798.92971047,sell,0.23617368896945856,0.00008438,0x80a702885b31592a17cf2f8698ffed0b1805e6f8f079b1dcb78fa1ac629ec523,9e6b6430-adc9-11e8-b246-5d4a2c3255c6,2.79892971047,0.000472347377938917,0.000969,1535794209,0xddd9b4fe51417e6eede1bc619d955ad6d5fe8c0b,0x2505c95e107111f5862844158182b78d456af415,0x4920a8186ddbbbd3f55f7699e6b6a60675e5d0a1d9514df7dd8af434e626ba9e,165.321582278620992
2018-09-01 09:30:09,4444.46,sell,0.374999,0.000084374479689321,0x134f77271015af4ee6deecd6270694133608c9563f3fdeed5842a556179666a6,9e6ee6a0-adc9-11e8-b246-5d4a2c3255c6,4.44446,0.000749998,0.000969,1535794209,0x5370f46e2102c767577a80a7698d6da81f32f924,0x2505c95e107111f5862844158182b78d456af415,0xeca4031c535a906b0888b065f230d732596243e63a4bf82fc1b64502c816d06c,262.4993
2018-09-01 08:46:34,6896.70301024,buy,0.592426788579616,0.0000859,0x8624a19e913b8b0d2c0f30dc9296879f15ee62c1d40381482ee74dfe1235f3c5,88258b70-adc3-11e8-b246-5d4a2c3255c6,13.79340602048,0.000592426788579616,10.488940628637947302,1535791594,0x18c96cef5f3d7ae66d31513b7291938f80cc9d2f,0x5bddecd46a530df8d2ddf2bea234be63326be5cb,0xa51d3d4d5fe60280b63b444d4d6c75f5b271bf79527c3926c296cc48ca7a3b86,414.6987520057312
2018-09-01 08:46:34,4657.259,buy,0.4,0.000085887428635599,0x20f82dcc8b4f872f99bfab3ddbca0c2c02aca609707b607d4708ca041ccaab12,882871a0-adc3-11e8-b246-5d4a2c3255c6,9.314518,0.0004,10.4904758975,1535791594,0x5370f46e2102c767577a80a7698d6da81f32f924,0x5bddecd46a530df8d2ddf2bea234be63326be5cb,0xbc1f059f7eb3de39e91708da52c00ca883eb5bfa4ad8f4a3802e5b044cb57f16,280
2018-09-01 08:46:34,2334.124,buy,0.2,0.000085685250655064,0x0375ab1ed98067f2173a091c2899f2e078b4a6a61c3a47234371a10b2c7d1ba1,88295c00-adc3-11e8-b246-5d4a2c3255c6,4.668248,0.0002,10.51522862,1535791594,0x5370f46e2102c767577a80a7698d6da81f32f924,0x5bddecd46a530df8d2ddf2bea234be63326be5cb,0x244f9f3a220d90d82055a9bf4c1649a4680b99478eec2ecbe21fffa113a9c6c8,140
2018-09-01 07:08:35,1985.23232835,sell,0.168089621241394514,0.00008467,0x0ba32f51fc5ca10ed95d9d0d4b11e2d573c2e6cb136909e7c9d2a0ae9d71fce9,d78a6fe0-adb5-11e8-b246-5d4a2c3255c6,1.98523232835,0.000336179242482789,0.001377,1535785715,0xddd9b4fe51417e6eede1bc619d955ad6d5fe8c0b,0x1e8994fab0648dbcb7d6f0bc5b6415cca99c79b7,0xee63da69e135f990f9aca60bcd2ab3dcdd10ca6fb1ee6307aba219c0a70e69f1,117.6627348689761598
2018-08-31 23:15:21,1979.12817439,buy,0.1701852317157961,0.00008599,0x43a9525c3496ffb7f39f9e569219a13b87afcfc91f88afdfcb083ee6b831b7f3,bb734c60-ad73-11e8-962b-97dba934e43a,3.95825634878,0.000170185231715796,7.907896267007790738,1535757321,0xddd9b4fe51417e6eede1bc619d955ad6d5fe8c0b,0x67cace8eedbd213bb1c396c7b6873e03d9d7e373,0xbb9bd2b81a033bfbcae5cf91c1dc3820a954fc5c67f2c01acf59775563e9e35f,119.12966220105727
2018-08-31 23:08:37,2271.96818181,sell,0.19204947040881046,0.000084530000000181,0x062c52193ca58441179ddc1ca179bfd40670a26b20999916f36ca2ba6696b77f,cb05c4b0-ad72-11e8-8a54-b5e2544dcf8c,2.27196818181,0.000384098940817621,0.00068,1535756917,0xddd9b4fe51417e6eede1bc619d955ad6d5fe8c0b,0x07b9da32475d812d9f59ebc345d418245009aa1c,0x0d1280245cabf2f3f040874ac224359e4ea08d8f1d5adafee840410ea31f5cf3,134.434629286167322
2018-08-31 20:41:53,3084.1197396,sell,0.265203456408204048,0.00008599,0xc9c4a19972c6342ee05901b7c5b41a8e3e021c968bbad3db5b929bd33301259b,4b015630-ad5e-11e8-962b-97dba934e43a,3.0841197396,0.000530406912816408,0.00068,1535748113,0x68f09d1f43376e317967adb835e81b2d30746a0a,0x8de08e5e37517083e64e1a5caf03cff6915b70eb,0x8090b599a5200bce7b4285a6166596ec42330cc0de14ff7139fdccf1a4d7f657,185.6424194857428336
2018-08-31 20:41:33,1890.8802604,buy,0.16244552317096403,0.00008591,0xf0fca4145a21e54a5bf872451fdbceafbda305aa6f30bcf6b3b336162fdf6c48,3f7407e0-ad5e-11e8-b246-5d4a2c3255c6,3.7817605208,0.000162445523170964,7.91526015597718367,1535748093,0xddd9b4fe51417e6eede1bc619d955ad6d5fe8c0b,0x68f09d1f43376e317967adb835e81b2d30746a0a,0xb23541e8c3742d2f27dc6606435012a78c58764dc9daca06d0af9d64622b57a1,113.711866219674821
2018-08-31 20:39:57,1534.75776751,sell,0.126832381906992161,0.000082639999999978,0xa01a1cdc2ffd4ab25113cd66fc93c4bd7d22d9baeaa6f4001cb9a7c4cc670601,064ada20-ad5e-11e8-8a54-b5e2544dcf8c,1.53475776751,0.000253664763813984,0.00068,1535747997,0x943d1f47bff06e6f4dd59b2cb54d792da3bc9cea,0x5fc1cc54956dca1d8ff39772df7c99eb8924e04d,0x2dd5d735105e85750a96caad53fb57d23db4d1dbb0d0b12f44ee8410d63e5a42,88.7826673348945127
2018-08-31 20:05:22,3060.68456296,buy,0.260525470000006437,0.00008512,0xe34d353e3bbd21cd18345226184422581e288498af0f281d63b7b3aa16325de4,311aba90-ad59-11e8-962b-97dba934e43a,6.12136912592,0.000260525470000006,8.987312030045821638,1535745922,0xddd9b4fe51417e6eede1bc619d955ad6d5fe8c0b,0xe1a81036fdcc489e0b0f1358376fbb1dec4b4360,0xad49815983e1fad909b0caf0d135e6ddb6282239215d7c082404d599f0023d50,182.3678290000045059
2018-08-31 15:30:26,1467.82230699,buy,0.123922180999536589,0.000084425873900782,0x1cc4196068e0a121c51d773915e21f706390ef9fb83ea24043f205f8661923c6,c8988950-ad32-11e8-bae0-f3c9ac277f95,2.93564461398,0.000123922180999537,18.122406429427658345,1535729426,0x5370f46e2102c767577a80a7698d6da81f32f924,0xbf17b9086076cd871e8b5bd8a718679322ab4055,0x21262be88692ce99f810c2c26732086ca42c3ae9f52fde9ec20b6e3395c6ca71,86.7455266996756123
2018-08-31 14:30:55,2812.16,sell,0.217049,0.000077182308261265,0x0a339e07937b898ba3e6509999dfd6bbaff47e1c88e1a3f4b66a2bf1cb7bda15,78a7e1a0-ad2a-11e8-b246-5d4a2c3255c6,2.81216,0.000434098,0.00153,1535725855,0x5370f46e2102c767577a80a7698d6da81f32f924,0x76a86a4f77a9d134c7d8e20c2c61c00ec9c4e4d2,0xc7a4df1c7e7009b05acbbfd9933e3a71578f439202aab25640d9d5a35ab851ce,151.9343
2018-08-31 14:30:55,3331.78134061,sell,0.252511976482427692,0.000075788880081847,0x3f9d16abd535f9eb1fe3b3443bc806a943bb631cdc4b4be4804b15ac3e0e2a72,78aac7d0-ad2a-11e8-b246-5d4a2c3255c6,3.33178134061,0.000505023952964855,0.00153,1535725855,0x5370f46e2102c767577a80a7698d6da81f32f924,0x76a86a4f77a9d134c7d8e20c2c61c00ec9c4e4d2,0x2e9efaee7134f5224bd93cd96bd6074ce36f34456b8335d7e66adf704b40b095,176.7583835376993844
2018-08-31 14:25:48,4049.43374418,buy,0.34825130199948,0.000086,0xdf6ed792953d4685885d119275fcdb79e17b0e3321bf661d28571aee5e58846a,c16116b0-ad29-11e8-bae0-f3c9ac277f95,8.09886748836,0.00034825130199948,17.790697674418602603,1535725548,0x68fd09239e8fb711ea98ff9c15eba60285502b06,0x1ba4b0280163889e7ee4ab5269c442971f48d13e,0x53b77a681d594231c27d1883d4ea833dafa021583ed223aeb7c75b2dc9c534b6,243.775911399636
2018-08-31 14:25:48,4656.207,buy,0.4,0.000085906833609416,0xafb31c00f72618373cfb3868bcf399201f0e1cb027846827917fc6e856b0a458,c1661fc0-ad29-11e8-bae0-f3c9ac277f95,9.312414,0.0004,17.809991775,1535725548,0x5370f46e2102c767577a80a7698d6da81f32f924,0x1ba4b0280163889e7ee4ab5269c442971f48d13e,0x7ee22bf44416e41eb1ef63f6f6ef4215ca12fe5d2c480b09d59a0616f2de4a97,280
2018-08-31 14:25:48,2334.311,buy,0.2,0.000085678386470355,0xbc46dad4bfed37a1800210732bd4e0896433d63f22b4e9e9302c8c900967db11,c1673130-ad29-11e8-bae0-f3c9ac277f95,4.668622,0.0002,17.85747915,1535725548,0x5370f46e2102c767577a80a7698d6da81f32f924,0x1ba4b0280163889e7ee4ab5269c442971f48d13e,0xc9c393d6163942222cfe06e290649d1bc4c2584cbc9d13bb293ad731daff3828,140
2018-08-31 14:15:50,4351.42434009,buy,0.36115516595444973,0.000082997,0xe459f271af4c88df45560d614ed80f3e5bae153928249cea1152319f77e45219,5cf04f30-ad28-11e8-8a54-b5e2544dcf8c,8.70284868018,0.00036115516595445,18.434401243418436418,1535724950,0x0646ea170c892ce59ab12246e2d39387996bc778,0x5370f46e2102c767577a80a7698d6da81f32f924,0xca69e37df425e032b25698ebb010f09e15aca0e0b513ac2a1d1e1cd41d8bb2a5,252.808616168114811
2018-08-31 14:15:50,4228.49540426,buy,0.35096511855358,0.000083,0xf2e1980036e63ba3a00262dcb430772724daa523319eca74150a345c4a65836a,5d0b9f60-ad28-11e8-b246-5d4a2c3255c6,8.45699080852,0.00035096511855358,18.433734939759036056,1535724950,0x13a9d20e4aefadd58c39f3d12d23d5a6100ecc9c,0x5370f46e2102c767577a80a7698d6da81f32f924,0x3e5286bd14c4cbf55176f90184d35d05bef7c2fc61e67cd71eb28f6df6a3923f,245.675582987506
2018-08-31 14:15:50,1900,buy,0.1558,0.000082,0x534d036d5e4f807e3a6835df779e7445a0739e1ebcca081cdaafebbc48b2e8b3,5d245780-ad28-11e8-962b-97dba934e43a,3.8,0.0001558,18.6585365853658531,1535724950,0x1ba4b0280163889e7ee4ab5269c442971f48d13e,0x5370f46e2102c767577a80a7698d6da81f32f924,0x433f7d8db92933ad17e0b7c52a77934bbba88ac8f39d2e152bbd59852af9bb0d,109.06
2018-08-31 12:00:23,2433.077,buy,0.2,0.000082200440018955,0x4ccd320a83fb24faeed5d141144e7f39a829f0b689a207797d3142f9f42a1e65,71068010-ad15-11e8-bae0-f3c9ac277f95,4.866154,0.0002,24.8173854,1535716823,0x5370f46e2102c767577a80a7698d6da81f32f924,0x1ba4b0280163889e7ee4ab5269c442971f48d13e,0xef8405ba834bd6b16ff20fe31efce9438c4852dce7225be24821fba9fe2aebc3,140
2018-08-31 08:30:02,1709.82661167,sell,0.136935041623965182,0.000080087092275526,0x7bd8c06fb6c6752454d0ef790fcc001bd6bb470f66f282a22f8000ddef782974,0e3b6300-acf8-11e8-962b-97dba934e43a,1.70982661167,0.00027387008324793,0.001241,1535704202,0x5370f46e2102c767577a80a7698d6da81f32f924,0x7a3a088aa283518c48132bbe3e5ad17b7a812470,0x1a32a54a02a81a53a4c6dc6e120ebf78fde5fe499b1b79558d7e8d7200ab7a58,95.8545291367756274
2018-08-31 07:48:19,4222.3536486,sell,0.35932229549586,0.0000851,0xf803c892cad3b1b02d298cf79d8f5221e2787c9151b93cad5cf39b9ebf29d3b9,3a5433a0-acf2-11e8-bae0-f3c9ac277f95,4.2223536486,0.00071864459099172,0.0017,1535701699,0xddd9b4fe51417e6eede1bc619d955ad6d5fe8c0b,0xee298f3c6951e524887b14185236b8091bbff9dc,0x19a71368ccd58c3fd00117e212f5df46ddc56496e8a4dc87bbf9192f4e6fe51f,251.525606847102
2018-08-31 07:48:19,1790,sell,0.15191909,0.000084871,0x1f8bedfd9c0d05d9bb65c68cbba4ce60fa9fbf4dfa65762845bd13d839c0e89e,3a5c22e0-acf2-11e8-bae0-f3c9ac277f95,1.79,0.00030383818,0.0017,1535701699,0xb0ef5d19e86bc260f51ebcb23cd7d5d02a48ebd4,0xee298f3c6951e524887b14185236b8091bbff9dc,0x2f616f41c9b3aeeb9bc5df42ed2d07a5de44b39ec8c4a7ea3e657283f0b59a2d,106.343363
2018-08-31 07:48:19,4355.78012022,sell,0.35,0.000080352999999991,0x702e43f9c97943f40b56a6bc6def67a3520669a57aee3b2fffafaddf920f8229,3a5e1eb0-acf2-11e8-bae0-f3c9ac277f95,4.35578012022,0.0007,0.0017,1535701699,0x0646ea170c892ce59ab12246e2d39387996bc778,0xee298f3c6951e524887b14185236b8091bbff9dc,0x4a3663b2d1d650b1beeb63c0e2732285bf9eab40823af4f24bc172e7c1f1dbe1,245
2018-08-31 07:48:19,16891.28571714,sell,1.357214807372199,0.00008035,0xcd988c90352109eaef186b0a41888d99e6085f9f71bdce3f8c7c06b1a812e4b0,3a5fa550-acf2-11e8-bae0-f3c9ac277f95,16.89128571714,0.002714429614744398,0.001699999999999999,1535701699,0xdea5f6ee9ec8bf9cf0181bcd23c3a02b9719eabd,0xee298f3c6951e524887b14185236b8091bbff9dc,0x3a8e87a3825eaca8b95244891f3394fde778cf3f01ad8653c4a75b29420cedba,950.0503651605393
2018-08-31 07:48:19,819.33765704,sell,0.0619337334956536,0.00007559,0x087da3680f603c22b0675c1e09a02efd3d1b690b37f5624b3bc89f41e8d8f308,3a617a10-acf2-11e8-bae0-f3c9ac277f95,0.81933765704,0.000123867466991307,0.0017,1535701699,0x4ac279436ae95eb01ea4f8ea8560b7954691973e,0xee298f3c6951e524887b14185236b8091bbff9dc,0x373fd0f3d40a8350e841a38e4d58140b384e446a657d912929d7a54180e58cd2,43.35361344695752
2018-08-31 06:27:12,734.16769611,sell,0.062514379323766491,0.00008515,0xf4dec720aba93f6efd746afe9e19641ec7020e24f75f5d7666ced48e02b5ef0d,e5853cd0-ace6-11e8-b246-5d4a2c3255c6,0.73416769611,0.000125028758647533,0.00136,1535696832,0xddd9b4fe51417e6eede1bc619d955ad6d5fe8c0b,0x5be3b050926d58dd6fc63c6aee0c4ec2d3b45eae,0x517f95ebe1ae0b0f5bfb4a12482ba0b2f21ba59588e296e08d36b168d5c3033d,43.7600655266365437
2018-08-31 04:52:06,7000,buy,0.602,0.000086,0xdf6ed792953d4685885d119275fcdb79e17b0e3321bf661d28571aee5e58846a,9c65ad30-acd9-11e8-8a54-b5e2544dcf8c,14,0.000602,15.023255813953485,1535691126,0x68fd09239e8fb711ea98ff9c15eba60285502b06,0x9f3fd63fafef3a0fa7df45f801d55c519b22203b,0x543529da9f1f5706527b7c598e9ff0bab4a0cece5d996bf779e081569bec8261,421.4
2018-08-31 04:51:48,2330.026,buy,0.2,0.00008583595204517,0x00d17a6b322de8eb146bb026a1309af97c4034d01e13cbde61bf19e00c6011ec,917a9250-acd9-11e8-bae0-f3c9ac277f95,4.660052,0.0002,15.05196796,1535691108,0x5370f46e2102c767577a80a7698d6da81f32f924,0x9f3fd63fafef3a0fa7df45f801d55c519b22203b,0x4249cdec4f7f81f6514cfb1919358d804e9244d9a6dae9461ec19ca4def426ba,140
2018-08-31 04:51:31,1915.19574075,buy,0.16440040238598003,0.00008584,0x1b8234530e97881529005b2f73e1e740c8deaf5b38f749a18d18a529610e5191,87901e90-acd9-11e8-962b-97dba934e43a,3.8303914815,0.00016440040238598,15.051258154706427049,1535691091,0xddd9b4fe51417e6eede1bc619d955ad6d5fe8c0b,0x9f3fd63fafef3a0fa7df45f801d55c519b22203b,0xfa204f5e9ccab82d680a37a7a18d483992b7d060e83eacfaff5828ac4fd08ed7,115.080281670186021
2018-08-31 04:51:21,2336.027,buy,0.2,0.000085615448794042,0x720ddb4ce9fc8a7327c6a86d339d8248a95e99a1efce708a23fc27df34518dbe,819ab2c0-acd9-11e8-b246-5d4a2c3255c6,4.672054,0.0002,15.09073442,1535691081,0x5370f46e2102c767577a80a7698d6da81f32f924,0x9f3fd63fafef3a0fa7df45f801d55c519b22203b,0x5a7f9f009dfbe2ffe2afc67316287166b41f40c173679e7d74a6685849972573,140
2018-08-31 04:51:12,3774.9,buy,0.32315200865262983,0.000085605448794042,0x3487de49cb55a3c7854a1a5fa4f8ee519224d38592f9d3c33ddfe4e7534aedc0,7c5b9ea0-acd9-11e8-b246-5d4a2c3255c6,7.5498,0.00032315200865263,15.092497244052976871,1535691072,0x943d1f47bff06e6f4dd59b2cb54d792da3bc9cea,0x9f3fd63fafef3a0fa7df45f801d55c519b22203b,0x6e6830ce589034f6921ddf5cfa80221e5f4281abd2e68bf04c3ea130b0f9857b,226.206406056840881
2018-08-31 04:39:53,1401.85403315,sell,0.116634255558044889,0.000083199999999975,0x5498e324e065eaa9d7e98be9299429e95151fe4896241bdc36eccaa0452b8d20,e7810aa0-acd7-11e8-8a54-b5e2544dcf8c,1.40185403315,0.00023326851111609,0.00136,1535690393,0x943d1f47bff06e6f4dd59b2cb54d792da3bc9cea,0x54c050b46d105888288684e1e3d4a87902cd43f4,0x40e000ee26b92777dbbcb4e30b00c07cf63167f7f477f9e9b7797dedf5d1fcf8,81.6439788906314223
2018-08-31 04:08:44,1138.73079983,buy,0.097419082940662054,0.000085550582239762,0x4c00a7e50817af48898fd15ba7181a00caef845b3c6e6f6ffa82ce43f130a52a,8d495370-acd3-11e8-962b-97dba934e43a,2.27746159966,0.000097419082940662,12.121483838469039207,1535688524,0x943d1f47bff06e6f4dd59b2cb54d792da3bc9cea,0x70d692072e72e1b4b26b01be1541cb46af42d8cb,0x7701b5b293a6d6b56d8d9494b0adc64c5ed5551d2d2ce0bdfc73b430b28bdb7f,68.1933580584634378
2018-08-31 01:57:08,7606.79805278,buy,0.644479071908258714,0.000084724093821825,0x2cf655580762d8b657854411f218c1b3e1243e96150877b6e0d40ce083d45478,2b28a630-acc1-11e8-b246-5d4a2c3255c6,15.21359610556,0.000644479071908259,8.026052204572932544,1535680628,0x943d1f47bff06e6f4dd59b2cb54d792da3bc9cea,0x9f3fd63fafef3a0fa7df45f801d55c519b22203b,0x8901ff5972cfeab3b1519be741afa018a82859c9a7b4083592306060da6c8a46,451.1353503357810998
2018-08-31 01:57:01,2366.519,buy,0.2,0.000084512315345873,0x4cc00798c7fe155dc9a95abb78042f174231ec6aa92b5e1fadc23f3264691f4e,26998120-acc1-11e8-8a54-b5e2544dcf8c,4.733038,0.0002,8.0461646,1535680621,0x5370f46e2102c767577a80a7698d6da81f32f924,0x9f3fd63fafef3a0fa7df45f801d55c519b22203b,0x4d76d77a58443aa6672d2d7876fc14f8f6b44dc76949333d066d41846b241a57,140
2018-08-31 01:56:49,2360.325,buy,0.199477,0.000084512514166481,0x347af96eae49528485e2fa14fc72e3612b0b33e18eee0958f613fa5a0d94259f,1ff781a0-acc1-11e8-962b-97dba934e43a,4.72065,0.000199477,8.046145670929478675,1535680609,0x5370f46e2102c767577a80a7698d6da81f32f924,0x9f3fd63fafef3a0fa7df45f801d55c519b22203b,0x1bef716e8b391f04a8b13ee34d79bc1dea8ecd41ec69c39bba82b99f0728eb8f,139.6339
2018-08-31 00:46:49,1699.64120715,sell,0.141206191490545053,0.000083080000000308,0x856650c6fabc30c705963c3d9d19fe9acf3a1c37ed7c60000b503013b0dcf9d3,582eb9d0-acb7-11e8-962b-97dba934e43a,1.69964120715,0.00028241238298109,0.000697,1535676409,0x943d1f47bff06e6f4dd59b2cb54d792da3bc9cea,0x253290c8a8a38a3168bab7657e373fe9748fe7d3,0x0981e52220c0df0a23f88dcb7fbb9a7ccbabf4e46b7666280794565ad5d63859,98.8443340433815371
2018-08-31 00:28:33,9431.47158827,sell,0.779966933820950171,0.000082698328306582,0xdc897c34db2d40916906467f98cd6d330b1c957225fd881513e018ff9ed3baa8,cad75300-acb4-11e8-bae0-f3c9ac277f95,9.43147158827,0.0015599338676419,0.000748,1535675313,0x943d1f47bff06e6f4dd59b2cb54d792da3bc9cea,0xdb6f47e34ea7b6b4095009e90dfa91d39fbc5cc0,0x54406d882a23f5f6d3b23fc5d1571f50b45be8310ab234e01ffff26d7c7ca66d,545.9768536746651197
2018-08-31 00:28:25,2388.32,sell,0.199999,0.000083740453540564,0x3a5edf514dde110f920b6f70e89fcc23d1f7e70f27f0fab09c7b51b1e35f0054,c621ba30-acb4-11e8-8a54-b5e2544dcf8c,2.38832,0.000399998,0.000748,1535675305,0x5370f46e2102c767577a80a7698d6da81f32f924,0xdb6f47e34ea7b6b4095009e90dfa91d39fbc5cc0,0xdb3cf810d94e436566b64f90255224bd90e8e8e0cba7a37fe60d0746390705b9,139.9993
2018-08-31 00:28:25,2449.11,sell,0.202512811738877875,0.000082688328306559,0xec84469b4bef65909cb60219bbdd2626dafda6d096b71b92baf04c05275d193f,c623dd10-acb4-11e8-8a54-b5e2544dcf8c,2.44911,0.000405025623477756,0.000748,1535675305,0x5370f46e2102c767577a80a7698d6da81f32f924,0xdb6f47e34ea7b6b4095009e90dfa91d39fbc5cc0,0x3275d84c11960c48273522f55f8da7d8031a4967951cf5eb9eb148c66bdbfb34,141.7589682172145125
2018-08-31 00:28:14,3951.73064518,sell,0.33392123951771,0.0000845,0x23fcc2a6407ffb0001d0a885950bd93a572d730166a2e2458facd35a0353034e,bfe66bc0-acb4-11e8-962b-97dba934e43a,3.95173064518,0.00066784247903542,0.000748,1535675294,0xa8e669676461000ac3ee7a44284003179c2fe5f2,0xdb6f47e34ea7b6b4095009e90dfa91d39fbc5cc0,0xe047392c3338b995f9d77bebe7e06c3d4dff84f14e0b5f671e21e37f42ce9ab1,233.744867662397
2018-08-31 00:28:07,2360.96,sell,0.199999,0.00008471088031987,0xcd3d0cc3bc1fa53f7f39e2e02bd9110d2b00c73a84abede3b8450671dea6a63d,bb805280-acb4-11e8-b246-5d4a2c3255c6,2.36096,0.000399998,0.000748,1535675287,0x5370f46e2102c767577a80a7698d6da81f32f924,0xdb6f47e34ea7b6b4095009e90dfa91d39fbc5cc0,0x2bb797c941149358313c7d5b6529c5fc58e41fa4f3124ecceecb8f59b48c43bf,139.9993
2018-08-31 00:04:14,1917.11285361,sell,0.16241780095799494,0.000084720000000081,0x2dcffed377c5c4a6c748b74b0bf7e5a1862baf30a6aca82e486fac4af2d6b551,65965520-acb1-11e8-b246-5d4a2c3255c6,1.91711285361,0.00032483560191599,0.000731,1535673854,0xddd9b4fe51417e6eede1bc619d955ad6d5fe8c0b,0x253290c8a8a38a3168bab7657e373fe9748fe7d3,0x2c37f1cb37bc1f41fa23e4580b85d7bde352d0cd8fd02a19c3a078cc993459a6,113.692460670596458
